"id","name","value","lat","lng","created_at","updated_at"
"1","sensor1","0.00","0.85","112.93","2023-10-17 08:06:00",NULL
"2","sensor1","0.00","0.85","112.93","2023-10-17 08:36:00",NULL
"3","sensor1","0.00","0.85","112.93","2023-10-17 09:06:00",NULL
"4","sensor1","0.00","0.85","112.93","2023-10-17 09:36:00",NULL
"5","sensor1","0.00","0.85","112.93","2023-10-17 10:06:00",NULL
"6","sensor1","0.00","0.85","112.93","2023-10-17 10:36:00",NULL
"7","sensor1","0.00","0.85","112.93","2023-10-17 11:06:00",NULL
"8","sensor1","0.00","0.85","112.93","2023-10-17 11:36:00",NULL
"9","sensor1","0.00","0.85","112.93","2023-10-17 12:06:00",NULL
"10","sensor1","0.00","0.85","112.93","2023-10-17 12:36:00",NULL
"11","sensor1","0.00","0.85","112.93","2023-10-17 13:06:00",NULL
"12","sensor1","0.00","0.85","112.93","2023-10-17 13:36:00",NULL
"13","sensor1","0.00","0.85","112.93","2023-10-17 14:06:00",NULL
"14","sensor1","0.00","0.85","112.93","2023-10-17 14:36:00",NULL
"15","sensor1","0.00","0.85","112.93","2023-10-17 15:06:00",NULL
"16","sensor1","0.00","0.85","112.93","2023-10-17 15:36:00",NULL
"17","sensor1","0.00","0.83","112.93","2023-10-18 08:06:00",NULL
"18","sensor1","0.00","0.83","112.93","2023-10-18 08:36:00",NULL
"19","sensor1","20.00","0.83","112.93","2023-10-18 09:06:00",NULL
"20","sensor1","20.00","0.83","112.93","2023-10-18 09:36:00",NULL
"21","sensor1","20.00","0.83","112.93","2023-10-18 10:06:00",NULL
"22","sensor1","0.00","0.83","112.93","2023-10-18 10:36:00",NULL
"23","sensor1","0.00","0.83","112.93","2023-10-18 11:06:00",NULL
"24","sensor1","0.00","0.83","112.93","2023-10-18 11:36:00",NULL
"25","sensor1","0.00","0.83","112.93","2023-10-18 12:06:00",NULL
"26","sensor1","0.00","0.83","112.93","2023-10-18 12:36:00",NULL
"27","sensor1","0.00","0.83","112.93","2023-10-18 13:06:00",NULL
"28","sensor1","0.00","0.83","112.93","2023-10-18 13:36:00",NULL
"29","sensor1","0.00","0.83","112.93","2023-10-18 14:06:00",NULL
"30","sensor1","0.00","0.83","112.93","2023-10-18 14:36:00",NULL
"31","sensor1","0.00","0.83","112.93","2023-10-18 15:06:00",NULL
"32","sensor1","43.00","0.83","112.93","2023-10-18 15:36:00",NULL
"33","sensor1","44.00","0.85","112.92","2023-10-19 08:06:00",NULL
"34","sensor1","44.00","0.85","112.92","2023-10-19 08:36:00",NULL
"35","sensor1","0.00","0.85","112.92","2023-10-19 09:06:00",NULL
"36","sensor1","0.00","0.85","112.92","2023-10-19 09:36:00",NULL
"37","sensor1","0.00","0.85","112.92","2023-10-19 10:06:00",NULL
"38","sensor1","0.00","0.85","112.92","2023-10-19 10:36:00",NULL
"39","sensor1","0.00","0.85","112.92","2023-10-19 11:06:00",NULL
"40","sensor1","0.00","0.85","112.92","2023-10-19 11:36:00",NULL
"41","sensor1","0.00","0.85","112.92","2023-10-19 12:06:00",NULL
"42","sensor1","0.00","0.85","112.92","2023-10-19 12:36:00",NULL
"43","sensor1","0.00","0.85","112.92","2023-10-19 13:06:00",NULL
"44","sensor1","0.00","0.85","112.92","2023-10-19 13:36:00",NULL
"45","sensor1","0.00","0.85","112.92","2023-10-19 14:06:00",NULL
"46","sensor1","0.00","0.85","112.92","2023-10-19 14:36:00",NULL
"47","sensor1","0.00","0.85","112.92","2023-10-19 15:06:00",NULL
"48","sensor1","0.00","0.85","112.92","2023-10-19 15:36:00",NULL
"49","sensor1","0.00","0.85","112.93","2023-10-20 08:06:00",NULL
"50","sensor1","0.00","0.85","112.93","2023-10-20 08:36:00",NULL
"51","sensor1","0.00","0.85","112.93","2023-10-20 09:06:00",NULL
"52","sensor1","0.00","0.85","112.93","2023-10-20 09:36:00",NULL
"53","sensor1","0.00","0.85","112.93","2023-10-20 10:06:00",NULL
"54","sensor1","112.00","0.85","112.93","2023-10-20 10:36:00",NULL
"55","sensor1","110.00","0.85","112.93","2023-10-20 11:06:00",NULL
"56","sensor1","0.00","0.85","112.93","2023-10-20 11:36:00",NULL
"57","sensor1","0.00","0.85","112.93","2023-10-20 12:06:00",NULL
"58","sensor1","0.00","0.85","112.93","2023-10-20 12:36:00",NULL
"59","sensor1","0.00","0.85","112.93","2023-10-20 13:06:00",NULL
"60","sensor1","0.00","0.85","112.93","2023-10-20 13:36:00",NULL
"61","sensor1","0.00","0.85","112.93","2023-10-20 14:06:00",NULL
"62","sensor1","0.00","0.85","112.93","2023-10-20 14:36:00",NULL
"63","sensor1","120.00","0.85","112.93","2023-10-20 15:06:00",NULL
"64","sensor1","0.00","0.85","112.93","2023-10-20 15:36:00",NULL
"65","sensor1","0.00","0.86","112.92","2023-10-21 08:06:00",NULL
"66","sensor1","0.00","0.86","112.92","2023-10-21 08:36:00",NULL
"67","sensor1","0.00","0.86","112.92","2023-10-21 09:06:00",NULL
"68","sensor1","0.00","0.86","112.92","2023-10-21 09:36:00",NULL
"69","sensor1","0.00","0.86","112.92","2023-10-21 10:06:00",NULL
"70","sensor1","0.00","0.86","112.92","2023-10-21 10:36:00",NULL
"71","sensor1","0.00","0.86","112.92","2023-10-21 11:06:00",NULL
"72","sensor1","130.00","0.86","112.92","2023-10-21 11:36:00",NULL
"73","sensor1","132.00","0.86","112.92","2023-10-21 12:06:00",NULL
"74","sensor1","144.00","0.86","112.92","2023-10-21 12:36:00",NULL
"75","sensor1","0.00","0.86","112.92","2023-10-21 13:06:00",NULL
"76","sensor1","0.00","0.86","112.92","2023-10-21 13:36:00",NULL
"77","sensor1","0.00","0.86","112.92","2023-10-21 14:06:00",NULL
"78","sensor1","0.00","0.86","112.92","2023-10-21 14:36:00",NULL
"79","sensor1","0.00","0.86","112.92","2023-10-21 15:06:00",NULL
"80","sensor1","0.00","0.86","112.92","2023-10-21 15:36:00",NULL
"81","sensor1","0.00","0.84","112.92","2023-10-22 08:06:00",NULL
"82","sensor1","0.00","0.84","112.92","2023-10-22 08:36:00",NULL
"83","sensor1","0.00","0.84","112.92","2023-10-22 09:06:00",NULL
"84","sensor1","0.00","0.84","112.92","2023-10-22 09:36:00",NULL
"85","sensor1","22.00","0.84","112.92","2023-10-22 10:06:00",NULL
"86","sensor1","24.00","0.84","112.92","2023-10-22 10:36:00",NULL
"87","sensor1","26.00","0.84","112.92","2023-10-22 11:06:00",NULL
"88","sensor1","0.00","0.84","112.92","2023-10-22 11:36:00",NULL
"89","sensor1","0.00","0.84","112.92","2023-10-22 12:06:00",NULL
"90","sensor1","0.00","0.84","112.92","2023-10-22 12:36:00",NULL
"91","sensor1","0.00","0.84","112.92","2023-10-22 13:06:00",NULL
"92","sensor1","0.00","0.84","112.92","2023-10-22 13:36:00",NULL
"93","sensor1","0.00","0.84","112.92","2023-10-22 14:06:00",NULL
"94","sensor1","0.00","0.84","112.92","2023-10-22 14:36:00",NULL
"95","sensor1","0.00","0.84","112.92","2023-10-22 15:06:00",NULL
"96","sensor1","0.00","0.84","112.92","2023-10-22 15:36:00",NULL
"97","sensor1","0.00","0.85","112.92","2023-10-23 08:06:00",NULL
"98","sensor1","0.00","0.85","112.92","2023-10-23 08:36:00",NULL
"99","sensor1","0.00","0.85","112.92","2023-10-23 09:06:00",NULL
"100","sensor1","0.00","0.85","112.92","2023-10-23 09:36:00",NULL
"101","sensor1","120.00","0.85","112.92","2023-10-23 10:06:00",NULL
"102","sensor1","120.00","0.85","112.92","2023-10-23 10:36:00",NULL
"103","sensor1","120.00","0.85","112.92","2023-10-23 11:06:00",NULL
"104","sensor1","0.00","0.85","112.92","2023-10-23 11:36:00",NULL
"105","sensor1","0.00","0.85","112.92","2023-10-23 12:06:00",NULL
"106","sensor1","0.00","0.85","112.92","2023-10-23 12:36:00",NULL
"107","sensor1","0.00","0.85","112.92","2023-10-23 13:06:00",NULL
"108","sensor1","0.00","0.85","112.92","2023-10-23 13:36:00",NULL
"109","sensor1","0.00","0.85","112.92","2023-10-23 14:06:00",NULL
"110","sensor1","0.00","0.85","112.92","2023-10-23 14:36:00",NULL
"111","sensor1","0.00","0.85","112.92","2023-10-23 15:06:00",NULL
"112","sensor1","0.00","0.85","112.92","2023-10-23 15:36:00",NULL
"113","sensor1","0.00","0.86","112.93","2023-10-24 08:06:00",NULL
"114","sensor1","0.00","0.86","112.93","2023-10-24 08:36:00",NULL
"115","sensor1","0.00","0.86","112.93","2023-10-24 09:06:00",NULL
"116","sensor1","0.00","0.86","112.93","2023-10-24 09:36:00",NULL
"117","sensor1","0.00","0.86","112.93","2023-10-24 10:06:00",NULL
"118","sensor1","110.00","0.86","112.93","2023-10-24 10:36:00",NULL
"119","sensor1","110.00","0.86","112.93","2023-10-24 11:06:00",NULL
"120","sensor1","90.00","0.86","112.93","2023-10-24 11:36:00",NULL
"121","sensor1","0.00","0.86","112.93","2023-10-24 12:06:00",NULL
"122","sensor1","0.00","0.86","112.93","2023-10-24 12:36:00",NULL
"123","sensor1","0.00","0.86","112.93","2023-10-24 13:06:00",NULL
"124","sensor1","0.00","0.86","112.93","2023-10-24 13:36:00",NULL
"125","sensor1","0.00","0.86","112.93","2023-10-24 14:06:00",NULL
"126","sensor1","0.00","0.86","112.93","2023-10-24 14:36:00",NULL
"127","sensor1","0.00","0.86","112.93","2023-10-24 15:06:00",NULL
"128","sensor1","0.00","0.86","112.93","2023-10-24 15:36:00",NULL
"129","sensor1","0.00","0.84","112.93","2023-10-25 08:06:00",NULL
"130","sensor1","0.00","0.84","112.93","2023-10-25 08:36:00",NULL
"131","sensor1","0.00","0.84","112.93","2023-10-25 09:06:00",NULL
"132","sensor1","0.00","0.84","112.93","2023-10-25 09:36:00",NULL
"133","sensor1","0.00","0.84","112.93","2023-10-25 10:06:00",NULL
"134","sensor1","0.00","0.84","112.93","2023-10-25 10:36:00",NULL
"135","sensor1","0.00","0.84","112.93","2023-10-25 11:06:00",NULL
"136","sensor1","55.00","0.84","112.93","2023-10-25 11:36:00",NULL
"137","sensor1","55.00","0.84","112.93","2023-10-25 12:06:00",NULL
"138","sensor1","55.00","0.84","112.93","2023-10-25 12:36:00",NULL
"139","sensor1","57.00","0.84","112.93","2023-10-25 13:06:00",NULL
"140","sensor1","55.00","0.84","112.93","2023-10-25 13:36:00",NULL
"141","sensor1","56.00","0.84","112.93","2023-10-25 14:06:00",NULL
"142","sensor1","55.00","0.84","112.93","2023-10-25 14:36:00",NULL
"143","sensor1","56.00","0.84","112.93","2023-10-25 15:06:00",NULL
"144","sensor1","55.00","0.84","112.93","2023-10-25 15:36:00",NULL
"145","sensor1","0.00","0.83","112.93","2023-10-26 08:06:00",NULL
"146","sensor1","0.00","0.83","112.93","2023-10-26 08:36:00",NULL
"147","sensor1","0.00","0.83","112.93","2023-10-26 09:06:00",NULL
"148","sensor1","0.00","0.83","112.93","2023-10-26 09:36:00",NULL
"149","sensor1","0.00","0.83","112.93","2023-10-26 10:06:00",NULL
"150","sensor1","0.00","0.83","112.93","2023-10-26 10:36:00",NULL
"151","sensor1","0.00","0.83","112.93","2023-10-26 11:06:00",NULL
"152","sensor1","0.00","0.83","112.93","2023-10-26 11:36:00",NULL
"153","sensor1","0.00","0.83","112.93","2023-10-26 12:06:00",NULL
"154","sensor1","0.00","0.83","112.93","2023-10-26 12:36:00",NULL
"155","sensor1","0.00","0.83","112.93","2023-10-26 13:06:00",NULL
"156","sensor1","0.00","0.83","112.93","2023-10-26 13:36:00",NULL
"157","sensor1","0.00","0.83","112.93","2023-10-26 14:06:00",NULL
"158","sensor1","0.00","0.83","112.93","2023-10-26 14:36:00",NULL
"159","sensor1","0.00","0.83","112.93","2023-10-26 15:06:00",NULL
"160","sensor1","0.00","0.83","112.93","2023-10-26 15:36:00",NULL
"161","sensor1","0.00","0.86","112.92","2023-10-27 08:06:00",NULL
"162","sensor1","0.00","0.86","112.92","2023-10-27 08:36:00",NULL
"163","sensor1","0.00","0.86","112.92","2023-10-27 09:06:00",NULL
"164","sensor1","0.00","0.86","112.92","2023-10-27 09:36:00",NULL
"165","sensor1","0.00","0.86","112.92","2023-10-27 10:06:00",NULL
"166","sensor1","0.00","0.86","112.92","2023-10-27 10:36:00",NULL
"167","sensor1","0.00","0.86","112.92","2023-10-27 11:06:00",NULL
"168","sensor1","0.00","0.86","112.92","2023-10-27 11:36:00",NULL
"169","sensor1","0.00","0.86","112.92","2023-10-27 12:06:00",NULL
"170","sensor1","0.00","0.86","112.92","2023-10-27 12:36:00",NULL
"171","sensor1","0.00","0.86","112.92","2023-10-27 13:06:00",NULL
"172","sensor1","0.00","0.86","112.92","2023-10-27 13:36:00",NULL
"173","sensor1","0.00","0.86","112.92","2023-10-27 14:06:00",NULL
"174","sensor1","0.00","0.86","112.92","2023-10-27 14:36:00",NULL
"175","sensor1","0.00","0.86","112.92","2023-10-27 15:06:00",NULL
"176","sensor1","0.00","0.86","112.92","2023-10-27 15:36:00",NULL
"177","sensor1","0.00","0.87","112.92","2023-10-28 08:06:00",NULL
"178","sensor1","0.00","0.87","112.92","2023-10-28 08:36:00",NULL
"179","sensor1","0.00","0.87","112.92","2023-10-28 09:06:00",NULL
"180","sensor1","0.00","0.87","112.92","2023-10-28 09:36:00",NULL
"181","sensor1","0.00","0.87","112.92","2023-10-28 10:06:00",NULL
"182","sensor1","0.00","0.87","112.92","2023-10-28 10:36:00",NULL
"183","sensor1","0.00","0.87","112.92","2023-10-28 11:06:00",NULL
"184","sensor1","0.00","0.87","112.92","2023-10-28 11:36:00",NULL
"185","sensor1","0.00","0.87","112.92","2023-10-28 12:06:00",NULL
"186","sensor1","0.00","0.87","112.92","2023-10-28 12:36:00",NULL
"187","sensor1","0.00","0.87","112.92","2023-10-28 13:06:00",NULL
"188","sensor1","0.00","0.87","112.92","2023-10-28 13:36:00",NULL
"189","sensor1","0.00","0.87","112.92","2023-10-28 14:06:00",NULL
"190","sensor1","0.00","0.87","112.92","2023-10-28 14:36:00",NULL
"191","sensor1","0.00","0.87","112.92","2023-10-28 15:06:00",NULL
"192","sensor1","0.00","0.87","112.92","2023-10-28 15:36:00",NULL
"193","sensor1","0.00","0.86","112.92","2023-10-29 08:06:00",NULL
"194","sensor1","0.00","0.86","112.92","2023-10-29 08:36:00",NULL
"195","sensor1","0.00","0.86","112.92","2023-10-29 09:06:00",NULL
"196","sensor1","0.00","0.86","112.92","2023-10-29 09:36:00",NULL
"197","sensor1","0.00","0.86","112.92","2023-10-29 10:06:00",NULL
"198","sensor1","0.00","0.86","112.92","2023-10-29 10:36:00",NULL
"199","sensor1","0.00","0.86","112.92","2023-10-29 11:06:00",NULL
"200","sensor1","0.00","0.86","112.92","2023-10-29 11:36:00",NULL
"201","sensor1","0.00","0.86","112.92","2023-10-29 12:06:00",NULL
"202","sensor1","0.00","0.86","112.92","2023-10-29 12:36:00",NULL
"203","sensor1","0.00","0.86","112.92","2023-10-29 13:06:00",NULL
"204","sensor1","0.00","0.86","112.92","2023-10-29 13:36:00",NULL
"205","sensor1","0.00","0.86","112.92","2023-10-29 14:06:00",NULL
"206","sensor1","0.00","0.86","112.92","2023-10-29 14:36:00",NULL
"207","sensor1","0.00","0.86","112.92","2023-10-29 15:06:00",NULL
"208","sensor1","0.00","0.86","112.92","2023-10-29 15:36:00",NULL
"209","sensor1","0.00","0.87","0.86","2023-10-30 08:06:00",NULL
"210","sensor1","0.00","0.87","0.86","2023-10-30 08:36:00",NULL
"211","sensor1","0.00","0.87","0.86","2023-10-30 09:06:00",NULL
"212","sensor1","0.00","0.87","0.86","2023-10-30 09:36:00",NULL
"213","sensor1","0.00","0.87","0.86","2023-10-30 10:06:00",NULL
"214","sensor1","0.00","0.87","0.86","2023-10-30 10:36:00",NULL
"215","sensor1","0.00","0.87","0.86","2023-10-30 11:06:00",NULL
"216","sensor1","0.00","0.87","0.86","2023-10-30 11:36:00",NULL
"217","sensor1","0.00","0.87","0.86","2023-10-30 12:06:00",NULL
"218","sensor1","0.00","0.87","0.86","2023-10-30 12:36:00",NULL
"219","sensor1","0.00","0.87","0.86","2023-10-30 13:06:00",NULL
"220","sensor1","0.00","0.87","0.86","2023-10-30 13:36:00",NULL
"221","sensor1","0.00","0.87","0.86","2023-10-30 14:06:00",NULL
"222","sensor1","22.00","0.87","0.86","2023-10-30 14:36:00",NULL
"223","sensor1","22.00","0.87","0.86","2023-10-30 15:06:00",NULL
"224","sensor1","0.00","0.87","0.86","2023-10-30 15:36:00",NULL
"225","sensor1","50.00","0.86","112.92","2023-10-31 08:06:00",NULL
"226","sensor1","50.00","0.86","112.92","2023-10-31 08:36:00",NULL
"227","sensor1","50.00","0.86","112.92","2023-10-31 09:06:00",NULL
"228","sensor1","50.00","0.86","112.92","2023-10-31 09:36:00",NULL
"229","sensor1","50.00","0.86","112.92","2023-10-31 10:06:00",NULL
"230","sensor1","50.00","0.86","112.92","2023-10-31 10:36:00",NULL
"231","sensor1","50.00","0.86","112.92","2023-10-31 11:06:00",NULL
"232","sensor1","50.00","0.86","112.92","2023-10-31 11:36:00",NULL
"233","sensor1","50.00","0.86","112.92","2023-10-31 12:06:00",NULL
"234","sensor1","50.00","0.86","112.92","2023-10-31 12:36:00",NULL
"235","sensor1","50.00","0.86","112.92","2023-10-31 13:06:00",NULL
"236","sensor1","50.00","0.86","112.92","2023-10-31 13:36:00",NULL
"237","sensor1","50.00","0.86","112.92","2023-10-31 14:06:00",NULL
"238","sensor1","50.00","0.86","112.92","2023-10-31 14:36:00",NULL
"239","sensor1","50.00","0.86","112.92","2023-10-31 15:06:00",NULL
"240","sensor1","50.00","0.86","112.92","2023-10-31 15:36:00",NULL
"241","sensor1","0.00","0.85","112.92","2023-11-01 08:06:00",NULL
"242","sensor1","0.00","0.85","112.92","2023-11-01 08:36:00",NULL
"243","sensor1","0.00","0.85","112.92","2023-11-01 09:06:00",NULL
"244","sensor1","0.00","0.85","112.92","2023-11-01 09:36:00",NULL
"245","sensor1","0.00","0.85","112.92","2023-11-01 10:06:00",NULL
"246","sensor1","0.00","0.85","112.92","2023-11-01 10:36:00",NULL
"247","sensor1","0.00","0.85","112.92","2023-11-01 11:06:00",NULL
"248","sensor1","0.00","0.85","112.92","2023-11-01 11:36:00",NULL
"249","sensor1","0.00","0.85","112.92","2023-11-01 12:06:00",NULL
"250","sensor1","0.00","0.85","112.92","2023-11-01 12:36:00",NULL
"251","sensor1","0.00","0.85","112.92","2023-11-01 13:06:00",NULL
"252","sensor1","0.00","0.85","112.92","2023-11-01 13:36:00",NULL
"253","sensor1","30.00","0.85","112.92","2023-11-01 14:06:00",NULL
"254","sensor1","30.00","0.85","112.92","2023-11-01 14:36:00",NULL
"255","sensor1","30.00","0.85","112.92","2023-11-01 15:06:00",NULL
"256","sensor1","30.00","0.85","112.92","2023-11-01 15:36:00",NULL
"257","sensor1","0.00","0.88","112.92","2023-11-02 08:06:00",NULL
"258","sensor1","0.00","0.88","112.92","2023-11-02 08:36:00",NULL
"259","sensor1","0.00","0.88","112.92","2023-11-02 09:06:00",NULL
"260","sensor1","0.00","0.88","112.92","2023-11-02 09:36:00",NULL
"261","sensor1","0.00","0.88","112.92","2023-11-02 10:06:00",NULL
"262","sensor1","0.00","0.88","112.92","2023-11-02 10:36:00",NULL
"263","sensor1","0.00","0.88","112.92","2023-11-02 11:06:00",NULL
"264","sensor1","0.00","0.88","112.92","2023-11-02 11:36:00",NULL
"265","sensor1","0.00","0.88","112.92","2023-11-02 12:06:00",NULL
"266","sensor1","70.00","0.88","112.92","2023-11-02 12:36:00",NULL
"267","sensor1","70.00","0.88","112.92","2023-11-02 13:06:00",NULL
"268","sensor1","70.00","0.88","112.92","2023-11-02 13:36:00",NULL
"269","sensor1","71.00","0.88","112.92","2023-11-02 14:06:00",NULL
"270","sensor1","73.00","0.88","112.92","2023-11-02 14:36:00",NULL
"271","sensor1","70.00","0.88","112.92","2023-11-02 15:06:00",NULL
"272","sensor1","70.00","0.88","112.92","2023-11-02 15:36:00",NULL
"273","sensor1","0.00","0.87","112.92","2023-11-03 08:06:00",NULL
"274","sensor1","0.00","0.87","112.92","2023-11-03 08:36:00",NULL
"275","sensor1","0.00","0.87","112.92","2023-11-03 09:06:00",NULL
"276","sensor1","0.00","0.87","112.92","2023-11-03 09:36:00",NULL
"277","sensor1","0.00","0.87","112.92","2023-11-03 10:06:00",NULL
"278","sensor1","0.00","0.87","112.92","2023-11-03 10:36:00",NULL
"279","sensor1","0.00","0.87","112.92","2023-11-03 11:06:00",NULL
"280","sensor1","0.00","0.87","112.92","2023-11-03 11:36:00",NULL
"281","sensor1","77.00","0.87","112.92","2023-11-03 12:06:00",NULL
"282","sensor1","77.00","0.87","112.92","2023-11-03 12:36:00",NULL
"283","sensor1","78.00","0.87","112.92","2023-11-03 13:06:00",NULL
"284","sensor1","0.00","0.87","112.92","2023-11-03 13:36:00",NULL
"285","sensor1","0.00","0.87","112.92","2023-11-03 14:06:00",NULL
"286","sensor1","0.00","0.87","112.92","2023-11-03 14:36:00",NULL
"287","sensor1","0.00","0.87","112.92","2023-11-03 15:06:00",NULL
"288","sensor1","0.00","0.87","112.92","2023-11-03 15:36:00",NULL
"289","sensor1","0.00","0.88","112.92","2023-11-04 08:06:00",NULL
"290","sensor1","0.00","0.88","112.92","2023-11-04 08:36:00",NULL
"291","sensor1","0.00","0.88","112.92","2023-11-04 09:06:00",NULL
"292","sensor1","0.00","0.88","112.92","2023-11-04 09:36:00",NULL
"293","sensor1","0.00","0.88","112.92","2023-11-04 10:06:00",NULL
"294","sensor1","0.00","0.88","112.92","2023-11-04 10:36:00",NULL
"295","sensor1","0.00","0.88","112.92","2023-11-04 11:06:00",NULL
"296","sensor1","0.00","0.88","112.92","2023-11-04 11:36:00",NULL
"297","sensor1","0.00","0.88","112.92","2023-11-04 12:06:00",NULL
"298","sensor1","0.00","0.88","112.92","2023-11-04 12:36:00",NULL
"299","sensor1","0.00","0.88","112.92","2023-11-04 13:06:00",NULL
"300","sensor1","56.00","0.88","112.92","2023-11-04 13:36:00",NULL
"301","sensor1","70.00","0.88","112.92","2023-11-04 14:06:00",NULL
"302","sensor1","0.00","0.88","112.92","2023-11-04 14:36:00",NULL
"303","sensor1","0.00","0.88","112.92","2023-11-04 15:06:00",NULL
"304","sensor1","0.00","0.88","112.92","2023-11-04 15:36:00",NULL
"305","sensor1","0.00","0.86","112.92","2023-11-05 08:06:00",NULL
"306","sensor1","0.00","0.86","112.92","2023-11-05 08:36:00",NULL
"307","sensor1","0.00","0.86","112.92","2023-11-05 09:06:00",NULL
"308","sensor1","0.00","0.86","112.92","2023-11-05 09:36:00",NULL
"309","sensor1","0.00","0.86","112.92","2023-11-05 10:06:00",NULL
"310","sensor1","0.00","0.86","112.92","2023-11-05 10:36:00",NULL
"311","sensor1","0.00","0.86","112.92","2023-11-05 11:06:00",NULL
"312","sensor1","0.00","0.86","112.92","2023-11-05 11:36:00",NULL
"313","sensor1","0.00","0.86","112.92","2023-11-05 12:06:00",NULL
"314","sensor1","0.00","0.86","112.92","2023-11-05 12:36:00",NULL
"315","sensor1","0.00","0.86","112.92","2023-11-05 13:06:00",NULL
"316","sensor1","0.00","0.86","112.92","2023-11-05 13:36:00",NULL
"317","sensor1","0.00","0.86","112.92","2023-11-05 14:06:00",NULL
"318","sensor1","56.00","0.86","112.92","2023-11-05 14:36:00",NULL
"319","sensor1","67.00","0.86","112.92","2023-11-05 15:06:00",NULL
"320","sensor1","80.00","0.86","112.92","2023-11-05 15:36:00",NULL
"321","sensor1","0.00","0.86","112.92","2023-11-06 08:06:00",NULL
"322","sensor1","0.00","0.86","112.92","2023-11-06 08:36:00",NULL
"323","sensor1","0.00","0.86","112.92","2023-11-06 09:06:00",NULL
"324","sensor1","0.00","0.86","112.92","2023-11-06 09:36:00",NULL
"325","sensor1","0.00","0.86","112.92","2023-11-06 10:06:00",NULL
"326","sensor1","0.00","0.86","112.92","2023-11-06 10:36:00",NULL
"327","sensor1","0.00","0.86","112.92","2023-11-06 11:06:00",NULL
"328","sensor1","0.00","0.86","112.92","2023-11-06 11:36:00",NULL
"329","sensor1","0.00","0.86","112.92","2023-11-06 12:06:00",NULL
"330","sensor1","0.00","0.86","112.92","2023-11-06 12:36:00",NULL
"331","sensor1","44.00","0.86","112.92","2023-11-06 13:06:00",NULL
"332","sensor1","44.00","0.86","112.92","2023-11-06 13:36:00",NULL
"333","sensor1","44.00","0.86","112.92","2023-11-06 14:06:00",NULL
"334","sensor1","0.00","0.86","112.92","2023-11-06 14:36:00",NULL
"335","sensor1","0.00","0.86","112.92","2023-11-06 15:06:00",NULL
"336","sensor1","0.00","0.86","112.92","2023-11-06 15:36:00",NULL
"337","sensor1","0.00","0.83","112.93","2023-11-07 08:06:00",NULL
"338","sensor1","0.00","0.83","112.93","2023-11-07 08:36:00",NULL
"339","sensor1","0.00","0.83","112.93","2023-11-07 09:06:00",NULL
"340","sensor1","0.00","0.83","112.93","2023-11-07 09:36:00",NULL
"341","sensor1","0.00","0.83","112.93","2023-11-07 10:06:00",NULL
"342","sensor1","0.00","0.83","112.93","2023-11-07 10:36:00",NULL
"343","sensor1","0.00","0.83","112.93","2023-11-07 11:06:00",NULL
"344","sensor1","56.00","0.83","112.93","2023-11-07 11:36:00",NULL
"345","sensor1","57.00","0.83","112.93","2023-11-07 12:06:00",NULL
"346","sensor1","56.00","0.83","112.93","2023-11-07 12:36:00",NULL
"347","sensor1","0.00","0.83","112.93","2023-11-07 13:06:00",NULL
"348","sensor1","0.00","0.83","112.93","2023-11-07 13:36:00",NULL
"349","sensor1","0.00","0.83","112.93","2023-11-07 14:06:00",NULL
"350","sensor1","0.00","0.83","112.93","2023-11-07 14:36:00",NULL
"351","sensor1","0.00","0.83","112.93","2023-11-07 15:06:00",NULL
"352","sensor1","0.00","0.83","112.93","2023-11-07 15:36:00",NULL
"353","sensor1","0.00","0.80","112.93","2023-11-08 08:06:00",NULL
"354","sensor1","0.00","0.80","112.93","2023-11-08 08:36:00",NULL
"355","sensor1","0.00","0.80","112.93","2023-11-08 09:06:00",NULL
"356","sensor1","0.00","0.80","112.93","2023-11-08 09:36:00",NULL
"357","sensor1","0.00","0.80","112.93","2023-11-08 10:06:00",NULL
"358","sensor1","0.00","0.80","112.93","2023-11-08 10:36:00",NULL
"359","sensor1","0.00","0.80","112.93","2023-11-08 11:06:00",NULL
"360","sensor1","0.00","0.80","112.93","2023-11-08 11:36:00",NULL
"361","sensor1","0.00","0.80","112.93","2023-11-08 12:06:00",NULL
"362","sensor1","0.00","0.80","112.93","2023-11-08 12:36:00",NULL
"363","sensor1","46.00","0.80","112.93","2023-11-08 13:06:00",NULL
"364","sensor1","44.00","0.80","112.93","2023-11-08 13:36:00",NULL
"365","sensor1","44.00","0.80","112.93","2023-11-08 14:06:00",NULL
"366","sensor1","0.00","0.80","112.93","2023-11-08 14:36:00",NULL
"367","sensor1","0.00","0.80","112.93","2023-11-08 15:06:00",NULL
"368","sensor1","0.00","0.80","112.93","2023-11-08 15:36:00",NULL
"369","sensor1","0.00","0.82","112.93","2023-11-09 08:06:00",NULL
"370","sensor1","0.00","0.82","112.93","2023-11-09 08:36:00",NULL
"371","sensor1","0.00","0.82","112.93","2023-11-09 09:06:00",NULL
"372","sensor1","0.00","0.82","112.93","2023-11-09 09:36:00",NULL
"373","sensor1","0.00","0.82","112.93","2023-11-09 10:06:00",NULL
"374","sensor1","0.00","0.82","112.93","2023-11-09 10:36:00",NULL
"375","sensor1","67.00","0.82","112.93","2023-11-09 11:06:00",NULL
"376","sensor1","78.00","0.82","112.93","2023-11-09 11:36:00",NULL
"377","sensor1","78.00","0.82","112.93","2023-11-09 12:06:00",NULL
"378","sensor1","0.00","0.82","112.93","2023-11-09 12:36:00",NULL
"379","sensor1","0.00","0.82","112.93","2023-11-09 13:06:00",NULL
"380","sensor1","0.00","0.82","112.93","2023-11-09 13:36:00",NULL
"381","sensor1","0.00","0.82","112.93","2023-11-09 14:06:00",NULL
"382","sensor1","0.00","0.82","112.93","2023-11-09 14:36:00",NULL
"383","sensor1","0.00","0.82","112.93","2023-11-09 15:06:00",NULL
"384","sensor1","0.00","0.82","112.93","2023-11-09 15:36:00",NULL
"385","sensor2","0.00","0.85","112.92","2023-10-17 08:09:00",NULL
"386","sensor2","0.00","0.85","112.92","2023-10-17 08:39:00",NULL
"387","sensor2","0.00","0.85","112.92","2023-10-17 09:09:00",NULL
"388","sensor2","0.00","0.85","112.92","2023-10-17 09:39:00",NULL
"389","sensor2","0.00","0.85","112.92","2023-10-17 10:09:00",NULL
"390","sensor2","0.00","0.85","112.92","2023-10-17 10:39:00",NULL
"391","sensor2","40.00","0.85","112.92","2023-10-17 11:09:00",NULL
"392","sensor2","43.00","0.85","112.92","2023-10-17 11:39:00",NULL
"393","sensor2","44.00","0.85","112.92","2023-10-17 12:09:00",NULL
"394","sensor2","0.00","0.85","112.92","2023-10-17 12:39:00",NULL
"395","sensor2","0.00","0.85","112.92","2023-10-17 13:09:00",NULL
"396","sensor2","0.00","0.85","112.92","2023-10-17 13:39:00",NULL
"397","sensor2","0.00","0.85","112.92","2023-10-17 14:09:00",NULL
"398","sensor2","0.00","0.85","112.92","2023-10-17 14:39:00",NULL
"399","sensor2","0.00","0.85","112.92","2023-10-17 15:09:00",NULL
"400","sensor2","0.00","0.85","112.92","2023-10-17 15:39:00",NULL
"401","sensor2","0.00","0.86","112.93","2023-10-18 08:09:00",NULL
"402","sensor2","0.00","0.86","112.93","2023-10-18 08:39:00",NULL
"403","sensor2","0.00","0.86","112.93","2023-10-18 09:09:00",NULL
"404","sensor2","0.00","0.86","112.93","2023-10-18 09:39:00",NULL
"405","sensor2","60.00","0.86","112.93","2023-10-18 10:09:00",NULL
"406","sensor2","60.00","0.86","112.93","2023-10-18 10:39:00",NULL
"407","sensor2","60.00","0.86","112.93","2023-10-18 11:09:00",NULL
"408","sensor2","60.00","0.86","112.93","2023-10-18 11:39:00",NULL
"409","sensor2","60.00","0.86","112.93","2023-10-18 12:09:00",NULL
"410","sensor2","60.00","0.86","112.93","2023-10-18 12:39:00",NULL
"411","sensor2","60.00","0.86","112.93","2023-10-18 13:09:00",NULL
"412","sensor2","60.00","0.86","112.93","2023-10-18 13:39:00",NULL
"413","sensor2","60.00","0.86","112.93","2023-10-18 14:09:00",NULL
"414","sensor2","61.00","0.86","112.93","2023-10-18 14:39:00",NULL
"415","sensor2","62.00","0.86","112.93","2023-10-18 15:09:00",NULL
"416","sensor2","60.00","0.86","112.93","2023-10-18 15:39:00",NULL
"417","sensor2","0.00","0.86","112.92","2023-10-19 08:09:00",NULL
"418","sensor2","0.00","0.86","112.92","2023-10-19 08:39:00",NULL
"419","sensor2","0.00","0.86","112.92","2023-10-19 09:09:00",NULL
"420","sensor2","0.00","0.86","112.92","2023-10-19 09:39:00",NULL
"421","sensor2","0.00","0.86","112.92","2023-10-19 10:09:00",NULL
"422","sensor2","40.00","0.86","112.92","2023-10-19 10:39:00",NULL
"423","sensor2","40.00","0.86","112.92","2023-10-19 11:09:00",NULL
"424","sensor2","40.00","0.86","112.92","2023-10-19 11:39:00",NULL
"425","sensor2","40.00","0.86","112.92","2023-10-19 12:09:00",NULL
"426","sensor2","42.00","0.86","112.92","2023-10-19 12:39:00",NULL
"427","sensor2","40.00","0.86","112.92","2023-10-19 13:09:00",NULL
"428","sensor2","40.00","0.86","112.92","2023-10-19 13:39:00",NULL
"429","sensor2","0.00","0.86","112.92","2023-10-19 14:09:00",NULL
"430","sensor2","0.00","0.86","112.92","2023-10-19 14:39:00",NULL
"431","sensor2","0.00","0.86","112.92","2023-10-19 15:09:00",NULL
"432","sensor2","0.00","0.86","112.92","2023-10-19 15:39:00",NULL
"433","sensor2","0.00","0.87","112.92","2023-10-20 08:09:00",NULL
"434","sensor2","0.00","0.87","112.92","2023-10-20 08:39:00",NULL
"435","sensor2","0.00","0.87","112.92","2023-10-20 09:09:00",NULL
"436","sensor2","0.00","0.87","112.92","2023-10-20 09:39:00",NULL
"437","sensor2","0.00","0.87","112.92","2023-10-20 10:09:00",NULL
"438","sensor2","0.00","0.87","112.92","2023-10-20 10:39:00",NULL
"439","sensor2","35.00","0.87","112.92","2023-10-20 11:09:00",NULL
"440","sensor2","35.00","0.87","112.92","2023-10-20 11:39:00",NULL
"441","sensor2","35.00","0.87","112.92","2023-10-20 12:09:00",NULL
"442","sensor2","34.00","0.87","112.92","2023-10-20 12:39:00",NULL
"443","sensor2","35.00","0.87","112.92","2023-10-20 13:09:00",NULL
"444","sensor2","0.00","0.87","112.92","2023-10-20 13:39:00",NULL
"445","sensor2","0.00","0.87","112.92","2023-10-20 14:09:00",NULL
"446","sensor2","0.00","0.87","112.92","2023-10-20 14:39:00",NULL
"447","sensor2","0.00","0.87","112.92","2023-10-20 15:09:00",NULL
"448","sensor2","0.00","0.87","112.92","2023-10-20 15:39:00",NULL
"449","sensor2","0.00","0.86","112.92","2023-10-21 08:09:00",NULL
"450","sensor2","0.00","0.86","112.92","2023-10-21 08:39:00",NULL
"451","sensor2","0.00","0.86","112.92","2023-10-21 09:09:00",NULL
"452","sensor2","67.00","0.86","112.92","2023-10-21 09:39:00",NULL
"453","sensor2","68.00","0.86","112.92","2023-10-21 10:09:00",NULL
"454","sensor2","0.00","0.86","112.92","2023-10-21 10:39:00",NULL
"455","sensor2","0.00","0.86","112.92","2023-10-21 11:09:00",NULL
"456","sensor2","0.00","0.86","112.92","2023-10-21 11:39:00",NULL
"457","sensor2","0.00","0.86","112.92","2023-10-21 12:09:00",NULL
"458","sensor2","0.00","0.86","112.92","2023-10-21 12:39:00",NULL
"459","sensor2","0.00","0.86","112.92","2023-10-21 13:09:00",NULL
"460","sensor2","0.00","0.86","112.92","2023-10-21 13:39:00",NULL
"461","sensor2","0.00","0.86","112.92","2023-10-21 14:09:00",NULL
"462","sensor2","0.00","0.86","112.92","2023-10-21 14:39:00",NULL
"463","sensor2","0.00","0.86","112.92","2023-10-21 15:09:00",NULL
"464","sensor2","0.00","0.86","112.92","2023-10-21 15:39:00",NULL
"465","sensor2","30.00","0.86","112.93","2023-10-22 08:09:00",NULL
"466","sensor2","30.00","0.86","112.93","2023-10-22 08:39:00",NULL
"467","sensor2","32.00","0.86","112.93","2023-10-22 09:09:00",NULL
"468","sensor2","30.00","0.86","112.93","2023-10-22 09:39:00",NULL
"469","sensor2","31.00","0.86","112.93","2023-10-22 10:09:00",NULL
"470","sensor2","30.00","0.86","112.93","2023-10-22 10:39:00",NULL
"471","sensor2","30.00","0.86","112.93","2023-10-22 11:09:00",NULL
"472","sensor2","32.00","0.86","112.93","2023-10-22 11:39:00",NULL
"473","sensor2","33.00","0.86","112.93","2023-10-22 12:09:00",NULL
"474","sensor2","30.00","0.86","112.93","2023-10-22 12:39:00",NULL
"475","sensor2","30.00","0.86","112.93","2023-10-22 13:09:00",NULL
"476","sensor2","32.00","0.86","112.93","2023-10-22 13:39:00",NULL
"477","sensor2","30.00","0.86","112.93","2023-10-22 14:09:00",NULL
"478","sensor2","31.00","0.86","112.93","2023-10-22 14:39:00",NULL
"479","sensor2","30.00","0.86","112.93","2023-10-22 15:09:00",NULL
"480","sensor2","30.00","0.86","112.93","2023-10-22 15:39:00",NULL
"481","sensor2","0.00","0.86","112.92","2023-10-23 08:09:00",NULL
"482","sensor2","0.00","0.86","112.92","2023-10-23 08:39:00",NULL
"483","sensor2","0.00","0.86","112.92","2023-10-23 09:09:00",NULL
"484","sensor2","20.00","0.86","112.92","2023-10-23 09:39:00",NULL
"485","sensor2","22.00","0.86","112.92","2023-10-23 10:09:00",NULL
"486","sensor2","20.00","0.86","112.92","2023-10-23 10:39:00",NULL
"487","sensor2","40.00","0.86","112.92","2023-10-23 11:09:00",NULL
"488","sensor2","0.00","0.86","112.92","2023-10-23 11:39:00",NULL
"489","sensor2","0.00","0.86","112.92","2023-10-23 12:09:00",NULL
"490","sensor2","0.00","0.86","112.92","2023-10-23 12:39:00",NULL
"491","sensor2","0.00","0.86","112.92","2023-10-23 13:09:00",NULL
"492","sensor2","0.00","0.86","112.92","2023-10-23 13:39:00",NULL
"493","sensor2","0.00","0.86","112.92","2023-10-23 14:09:00",NULL
"494","sensor2","0.00","0.86","112.92","2023-10-23 14:39:00",NULL
"495","sensor2","0.00","0.86","112.92","2023-10-23 15:09:00",NULL
"496","sensor2","0.00","0.86","112.92","2023-10-23 15:39:00",NULL
"497","sensor2","0.00","0.86","112.93","2023-10-24 08:09:00",NULL
"498","sensor2","0.00","0.86","112.93","2023-10-24 08:39:00",NULL
"499","sensor2","0.00","0.86","112.93","2023-10-24 09:09:00",NULL
"500","sensor2","0.00","0.86","112.93","2023-10-24 09:39:00",NULL
"501","sensor2","0.00","0.86","112.93","2023-10-24 10:09:00",NULL
"502","sensor2","0.00","0.86","112.93","2023-10-24 10:39:00",NULL
"503","sensor2","0.00","0.86","112.93","2023-10-24 11:09:00",NULL
"504","sensor2","0.00","0.86","112.93","2023-10-24 11:39:00",NULL
"505","sensor2","34.00","0.86","112.93","2023-10-24 12:09:00",NULL
"506","sensor2","33.00","0.86","112.93","2023-10-24 12:39:00",NULL
"507","sensor2","35.00","0.86","112.93","2023-10-24 13:09:00",NULL
"508","sensor2","0.00","0.86","112.93","2023-10-24 13:39:00",NULL
"509","sensor2","0.00","0.86","112.93","2023-10-24 14:09:00",NULL
"510","sensor2","0.00","0.86","112.93","2023-10-24 14:39:00",NULL
"511","sensor2","0.00","0.86","112.93","2023-10-24 15:09:00",NULL
"512","sensor2","0.00","0.86","112.93","2023-10-24 15:39:00",NULL
"513","sensor2","0.00","0.86","112.93","2023-10-25 08:09:00",NULL
"514","sensor2","0.00","0.86","112.93","2023-10-25 08:39:00",NULL
"515","sensor2","0.00","0.86","112.93","2023-10-25 09:09:00",NULL
"516","sensor2","0.00","0.86","112.93","2023-10-25 09:39:00",NULL
"517","sensor2","0.00","0.86","112.93","2023-10-25 10:09:00",NULL
"518","sensor2","0.00","0.86","112.93","2023-10-25 10:39:00",NULL
"519","sensor2","0.00","0.86","112.93","2023-10-25 11:09:00",NULL
"520","sensor2","0.00","0.86","112.93","2023-10-25 11:39:00",NULL
"521","sensor2","0.00","0.86","112.93","2023-10-25 12:09:00",NULL
"522","sensor2","0.00","0.86","112.93","2023-10-25 12:39:00",NULL
"523","sensor2","0.00","0.86","112.93","2023-10-25 13:09:00",NULL
"524","sensor2","0.00","0.86","112.93","2023-10-25 13:39:00",NULL
"525","sensor2","0.00","0.86","112.93","2023-10-25 14:09:00",NULL
"526","sensor2","32.00","0.86","112.93","2023-10-25 14:39:00",NULL
"527","sensor2","30.00","0.86","112.93","2023-10-25 15:09:00",NULL
"528","sensor2","30.00","0.86","112.93","2023-10-25 15:39:00",NULL
"529","sensor2","0.00","0.85","112.93","2023-10-26 08:09:00",NULL
"530","sensor2","0.00","0.85","112.93","2023-10-26 08:39:00",NULL
"531","sensor2","0.00","0.85","112.93","2023-10-26 09:09:00",NULL
"532","sensor2","0.00","0.85","112.93","2023-10-26 09:39:00",NULL
"533","sensor2","0.00","0.85","112.93","2023-10-26 10:09:00",NULL
"534","sensor2","0.00","0.85","112.93","2023-10-26 10:39:00",NULL
"535","sensor2","0.00","0.85","112.93","2023-10-26 11:09:00",NULL
"536","sensor2","0.00","0.85","112.93","2023-10-26 11:39:00",NULL
"537","sensor2","0.00","0.85","112.93","2023-10-26 12:09:00",NULL
"538","sensor2","0.00","0.85","112.93","2023-10-26 12:39:00",NULL
"539","sensor2","0.00","0.85","112.93","2023-10-26 13:09:00",NULL
"540","sensor2","32.00","0.85","112.93","2023-10-26 13:39:00",NULL
"541","sensor2","32.00","0.85","112.93","2023-10-26 14:09:00",NULL
"542","sensor2","33.00","0.85","112.93","2023-10-26 14:39:00",NULL
"543","sensor2","0.00","0.85","112.93","2023-10-26 15:09:00",NULL
"544","sensor2","0.00","0.85","112.93","2023-10-26 15:39:00",NULL
"545","sensor2","0.00","0.85","112.93","2023-10-27 08:09:00",NULL
"546","sensor2","0.00","0.86","112.92","2023-10-27 08:39:00",NULL
"547","sensor2","0.00","0.86","112.92","2023-10-27 09:09:00",NULL
"548","sensor2","0.00","0.86","112.92","2023-10-27 09:39:00",NULL
"549","sensor2","0.00","0.86","112.92","2023-10-27 10:09:00",NULL
"550","sensor2","0.00","0.86","112.92","2023-10-27 10:39:00",NULL
"551","sensor2","0.00","0.86","112.92","2023-10-27 11:09:00",NULL
"552","sensor2","0.00","0.86","112.92","2023-10-27 11:39:00",NULL
"553","sensor2","75.00","0.86","112.92","2023-10-27 12:09:00",NULL
"554","sensor2","75.00","0.86","112.92","2023-10-27 12:39:00",NULL
"555","sensor2","75.00","0.86","112.92","2023-10-27 13:09:00",NULL
"556","sensor2","76.00","0.86","112.92","2023-10-27 13:39:00",NULL
"557","sensor2","0.00","0.86","112.92","2023-10-27 14:09:00",NULL
"558","sensor2","0.00","0.86","112.92","2023-10-27 14:39:00",NULL
"559","sensor2","0.00","0.86","112.92","2023-10-27 15:09:00",NULL
"560","sensor2","0.00","0.86","112.92","2023-10-27 15:39:00",NULL
"561","sensor2","0.00","0.85","112.93","2023-10-28 08:09:00",NULL
"562","sensor2","0.00","0.85","112.93","2023-10-28 08:39:00",NULL
"563","sensor2","0.00","0.85","112.93","2023-10-28 09:09:00",NULL
"564","sensor2","0.00","0.85","112.93","2023-10-28 09:39:00",NULL
"565","sensor2","80.00","0.85","112.93","2023-10-28 10:09:00",NULL
"566","sensor2","80.00","0.85","112.93","2023-10-28 10:39:00",NULL
"567","sensor2","80.00","0.85","112.93","2023-10-28 11:09:00",NULL
"568","sensor2","0.00","0.85","112.93","2023-10-28 11:39:00",NULL
"569","sensor2","0.00","0.85","112.93","2023-10-28 12:09:00",NULL
"570","sensor2","0.00","0.85","112.93","2023-10-28 12:39:00",NULL
"571","sensor2","0.00","0.85","112.93","2023-10-28 13:09:00",NULL
"572","sensor2","0.00","0.85","112.93","2023-10-28 13:39:00",NULL
"573","sensor2","0.00","0.85","112.93","2023-10-28 14:09:00",NULL
"574","sensor2","0.00","0.85","112.93","2023-10-28 14:39:00",NULL
"575","sensor2","0.00","0.85","112.93","2023-10-28 15:09:00",NULL
"576","sensor2","0.00","0.85","112.93","2023-10-28 15:39:00",NULL
"577","sensor2","0.00","0.85","112.93","2023-10-29 08:09:00",NULL
"578","sensor2","0.00","0.85","112.93","2023-10-29 08:39:00",NULL
"579","sensor2","0.00","0.85","112.93","2023-10-29 09:09:00",NULL
"580","sensor2","0.00","0.85","112.93","2023-10-29 09:39:00",NULL
"581","sensor2","0.00","0.85","112.93","2023-10-29 10:09:00",NULL
"582","sensor2","0.00","0.85","112.93","2023-10-29 10:39:00",NULL
"583","sensor2","0.00","0.85","112.93","2023-10-29 11:09:00",NULL
"584","sensor2","0.00","0.85","112.93","2023-10-29 11:39:00",NULL
"585","sensor2","0.00","0.85","112.93","2023-10-29 12:09:00",NULL
"586","sensor2","0.00","0.85","112.93","2023-10-29 12:39:00",NULL
"587","sensor2","0.00","0.85","112.93","2023-10-29 13:09:00",NULL
"588","sensor2","0.00","0.85","112.93","2023-10-29 13:39:00",NULL
"589","sensor2","0.00","0.85","112.93","2023-10-29 14:09:00",NULL
"590","sensor2","15.00","0.85","112.93","2023-10-29 14:39:00",NULL
"591","sensor2","15.00","0.85","112.93","2023-10-29 15:09:00",NULL
"592","sensor2","15.00","0.85","112.93","2023-10-29 15:39:00",NULL
"593","sensor2","0.00","0.85","112.93","2023-10-30 08:09:00",NULL
"594","sensor2","0.00","0.85","112.93","2023-10-30 08:39:00",NULL
"595","sensor2","0.00","0.85","112.93","2023-10-30 09:09:00",NULL
"596","sensor2","0.00","0.85","112.93","2023-10-30 09:39:00",NULL
"597","sensor2","0.00","0.85","112.93","2023-10-30 10:09:00",NULL
"598","sensor2","0.00","0.85","112.93","2023-10-30 10:39:00",NULL
"599","sensor2","0.00","0.85","112.93","2023-10-30 11:09:00",NULL
"600","sensor2","20.00","0.85","112.93","2023-10-30 11:39:00",NULL
"601","sensor2","20.00","0.85","112.93","2023-10-30 12:09:00",NULL
"602","sensor2","22.00","0.85","112.93","2023-10-30 12:39:00",NULL
"603","sensor2","0.00","0.85","112.93","2023-10-30 13:09:00",NULL
"604","sensor2","0.00","0.85","112.93","2023-10-30 13:39:00",NULL
"605","sensor2","0.00","0.85","112.93","2023-10-30 14:09:00",NULL
"606","sensor2","0.00","0.85","112.93","2023-10-30 14:39:00",NULL
"607","sensor2","0.00","0.85","112.93","2023-10-30 15:09:00",NULL
"608","sensor2","0.00","0.85","112.93","2023-10-30 15:39:00",NULL
"609","sensor2","0.00","0.86","112.92","2023-10-31 08:09:00",NULL
"610","sensor2","0.00","0.86","112.92","2023-10-31 08:39:00",NULL
"611","sensor2","0.00","0.86","112.92","2023-10-31 09:09:00",NULL
"612","sensor2","0.00","0.86","112.92","2023-10-31 09:39:00",NULL
"613","sensor2","0.00","0.86","112.92","2023-10-31 10:09:00",NULL
"614","sensor2","40.00","0.86","112.92","2023-10-31 10:39:00",NULL
"615","sensor2","40.00","0.86","112.92","2023-10-31 11:09:00",NULL
"616","sensor2","40.00","0.86","112.92","2023-10-31 11:39:00",NULL
"617","sensor2","0.00","0.86","112.92","2023-10-31 12:09:00",NULL
"618","sensor2","0.00","0.86","112.92","2023-10-31 12:39:00",NULL
"619","sensor2","0.00","0.86","112.92","2023-10-31 13:09:00",NULL
"620","sensor2","0.00","0.86","112.92","2023-10-31 13:39:00",NULL
"621","sensor2","0.00","0.86","112.92","2023-10-31 14:09:00",NULL
"622","sensor2","0.00","0.86","112.92","2023-10-31 14:39:00",NULL
"623","sensor2","0.00","0.86","112.92","2023-10-31 15:09:00",NULL
"624","sensor2","0.00","0.86","112.92","2023-10-31 15:39:00",NULL
"625","sensor2","0.00","0.85","112.92","2023-11-01 08:09:00",NULL
"626","sensor2","0.00","0.85","112.92","2023-11-01 08:39:00",NULL
"627","sensor2","0.00","0.85","112.92","2023-11-01 09:09:00",NULL
"628","sensor2","0.00","0.85","112.92","2023-11-01 09:39:00",NULL
"629","sensor2","0.00","0.85","112.92","2023-11-01 10:09:00",NULL
"630","sensor2","60.00","0.85","112.92","2023-11-01 10:39:00",NULL
"631","sensor2","66.00","0.85","112.92","2023-11-01 11:09:00",NULL
"632","sensor2","67.00","0.85","112.92","2023-11-01 11:39:00",NULL
"633","sensor2","0.00","0.85","112.92","2023-11-01 12:09:00",NULL
"634","sensor2","0.00","0.85","112.92","2023-11-01 12:39:00",NULL
"635","sensor2","0.00","0.85","112.92","2023-11-01 13:09:00",NULL
"636","sensor2","0.00","0.85","112.92","2023-11-01 13:39:00",NULL
"637","sensor2","78.00","0.85","112.92","2023-11-01 14:09:00",NULL
"638","sensor2","79.00","0.85","112.92","2023-11-01 14:39:00",NULL
"639","sensor2","0.00","0.85","112.92","2023-11-01 15:09:00",NULL
"640","sensor2","0.00","0.85","112.92","2023-11-01 15:39:00",NULL
"641","sensor2","0.00","0.86","112.92","2023-11-02 08:09:00",NULL
"642","sensor2","0.00","0.86","112.92","2023-11-02 08:39:00",NULL
"643","sensor2","0.00","0.86","112.92","2023-11-02 09:09:00",NULL
"644","sensor2","0.00","0.86","112.92","2023-11-02 09:39:00",NULL
"645","sensor2","0.00","0.86","112.92","2023-11-02 10:09:00",NULL
"646","sensor2","0.00","0.86","112.92","2023-11-02 10:39:00",NULL
"647","sensor2","0.00","0.86","112.92","2023-11-02 11:09:00",NULL
"648","sensor2","0.00","0.86","112.92","2023-11-02 11:39:00",NULL
"649","sensor2","0.00","0.86","112.92","2023-11-02 12:09:00",NULL
"650","sensor2","0.00","0.86","112.92","2023-11-02 12:39:00",NULL
"651","sensor2","60.00","0.86","112.92","2023-11-02 13:09:00",NULL
"652","sensor2","60.00","0.86","112.92","2023-11-02 13:39:00",NULL
"653","sensor2","60.00","0.86","112.92","2023-11-02 14:09:00",NULL
"654","sensor2","0.00","0.86","112.92","2023-11-02 14:39:00",NULL
"655","sensor2","0.00","0.86","112.92","2023-11-02 15:09:00",NULL
"656","sensor2","0.00","0.86","112.92","2023-11-02 15:39:00",NULL
"657","sensor2","0.00","0.85","112.92","2023-11-03 08:09:00",NULL
"658","sensor2","0.00","0.85","112.92","2023-11-03 08:39:00",NULL
"659","sensor2","0.00","0.85","112.92","2023-11-03 09:09:00",NULL
"660","sensor2","0.00","0.85","112.92","2023-11-03 09:39:00",NULL
"661","sensor2","0.00","0.85","112.92","2023-11-03 10:09:00",NULL
"662","sensor2","0.00","0.85","112.92","2023-11-03 10:39:00",NULL
"663","sensor2","77.00","0.85","112.92","2023-11-03 11:09:00",NULL
"664","sensor2","77.00","0.85","112.92","2023-11-03 11:39:00",NULL
"665","sensor2","77.00","0.85","112.92","2023-11-03 12:09:00",NULL
"666","sensor2","0.00","0.85","112.92","2023-11-03 12:39:00",NULL
"667","sensor2","0.00","0.85","112.92","2023-11-03 13:09:00",NULL
"668","sensor2","0.00","0.85","112.92","2023-11-03 13:39:00",NULL
"669","sensor2","0.00","0.85","112.92","2023-11-03 14:09:00",NULL
"670","sensor2","0.00","0.85","112.92","2023-11-03 14:39:00",NULL
"671","sensor2","0.00","0.85","112.92","2023-11-03 15:09:00",NULL
"672","sensor2","0.00","0.85","112.92","2023-11-03 15:39:00",NULL
"673","sensor2","0.00","0.86","112.92","2023-11-04 08:09:00",NULL
"674","sensor2","0.00","0.86","112.92","2023-11-04 08:39:00",NULL
"675","sensor2","60.00","0.86","112.92","2023-11-04 09:09:00",NULL
"676","sensor2","60.00","0.86","112.92","2023-11-04 09:39:00",NULL
"677","sensor2","60.00","0.86","112.92","2023-11-04 10:09:00",NULL
"678","sensor2","0.00","0.86","112.92","2023-11-04 10:39:00",NULL
"679","sensor2","0.00","0.86","112.92","2023-11-04 11:09:00",NULL
"680","sensor2","0.00","0.86","112.92","2023-11-04 11:39:00",NULL
"681","sensor2","0.00","0.86","112.92","2023-11-04 12:09:00",NULL
"682","sensor2","0.00","0.86","112.92","2023-11-04 12:39:00",NULL
"683","sensor2","0.00","0.86","112.92","2023-11-04 13:09:00",NULL
"684","sensor2","0.00","0.86","112.92","2023-11-04 13:39:00",NULL
"685","sensor2","0.00","0.86","112.92","2023-11-04 14:09:00",NULL
"686","sensor2","0.00","0.86","112.92","2023-11-04 14:39:00",NULL
"687","sensor2","0.00","0.86","112.92","2023-11-04 15:09:00",NULL
"688","sensor2","0.00","0.86","112.92","2023-11-04 15:39:00",NULL
"689","sensor2","0.00","0.86","112.93","2023-11-05 08:09:00",NULL
"690","sensor2","0.00","0.86","112.93","2023-11-05 08:39:00",NULL
"691","sensor2","0.00","0.86","112.93","2023-11-05 09:09:00",NULL
"692","sensor2","67.00","0.86","112.93","2023-11-05 09:39:00",NULL
"693","sensor2","66.00","0.86","112.93","2023-11-05 10:09:00",NULL
"694","sensor2","66.00","0.86","112.93","2023-11-05 10:39:00",NULL
"695","sensor2","68.00","0.86","112.93","2023-11-05 11:09:00",NULL
"696","sensor2","0.00","0.86","112.93","2023-11-05 11:39:00",NULL
"697","sensor2","0.00","0.86","112.93","2023-11-05 12:09:00",NULL
"698","sensor2","0.00","0.86","112.93","2023-11-05 12:39:00",NULL
"699","sensor2","0.00","0.86","112.93","2023-11-05 13:09:00",NULL
"700","sensor2","0.00","0.86","112.93","2023-11-05 13:39:00",NULL
"701","sensor2","0.00","0.86","112.93","2023-11-05 14:09:00",NULL
"702","sensor2","0.00","0.86","112.93","2023-11-05 14:39:00",NULL
"703","sensor2","0.00","0.86","112.93","2023-11-05 15:09:00",NULL
"704","sensor2","0.00","0.86","112.93","2023-11-05 15:39:00",NULL
"705","sensor2","0.00","0.86","112.92","2023-11-06 08:09:00",NULL
"706","sensor2","0.00","0.86","112.92","2023-11-06 08:39:00",NULL
"707","sensor2","0.00","0.86","112.92","2023-11-06 09:09:00",NULL
"708","sensor2","0.00","0.86","112.92","2023-11-06 09:39:00",NULL
"709","sensor2","70.00","0.86","112.92","2023-11-06 10:09:00",NULL
"710","sensor2","70.00","0.86","112.92","2023-11-06 10:39:00",NULL
"711","sensor2","70.00","0.86","112.92","2023-11-06 11:09:00",NULL
"712","sensor2","0.00","0.86","112.92","2023-11-06 11:39:00",NULL
"713","sensor2","0.00","0.86","112.92","2023-11-06 12:09:00",NULL
"714","sensor2","0.00","0.86","112.92","2023-11-06 12:39:00",NULL
"715","sensor2","0.00","0.86","112.92","2023-11-06 13:09:00",NULL
"716","sensor2","0.00","0.86","112.92","2023-11-06 13:39:00",NULL
"717","sensor2","0.00","0.86","112.92","2023-11-06 14:09:00",NULL
"718","sensor2","78.00","0.86","112.92","2023-11-06 14:39:00",NULL
"719","sensor2","78.00","0.86","112.92","2023-11-06 15:09:00",NULL
"720","sensor2","80.00","0.86","112.92","2023-11-06 15:39:00",NULL
"721","sensor2","0.00","0.86","112.92","2023-11-07 08:09:00",NULL
"722","sensor2","0.00","0.86","112.92","2023-11-07 08:39:00",NULL
"723","sensor2","0.00","0.86","112.92","2023-11-07 09:09:00",NULL
"724","sensor2","0.00","0.86","112.92","2023-11-07 09:39:00",NULL
"725","sensor2","0.00","0.86","112.92","2023-11-07 10:09:00",NULL
"726","sensor2","0.00","0.86","112.92","2023-11-07 10:39:00",NULL
"727","sensor2","0.00","0.86","112.92","2023-11-07 11:09:00",NULL
"728","sensor2","0.00","0.86","112.92","2023-11-07 11:39:00",NULL
"729","sensor2","0.00","0.86","112.92","2023-11-07 12:09:00",NULL
"730","sensor2","0.00","0.86","112.92","2023-11-07 12:39:00",NULL
"731","sensor2","0.00","0.86","112.92","2023-11-07 13:09:00",NULL
"732","sensor2","0.00","0.86","112.92","2023-11-07 13:39:00",NULL
"733","sensor2","89.00","0.86","112.92","2023-11-07 14:09:00",NULL
"734","sensor2","89.00","0.86","112.92","2023-11-07 14:39:00",NULL
"735","sensor2","80.00","0.86","112.92","2023-11-07 15:09:00",NULL
"736","sensor2","0.00","0.86","112.92","2023-11-07 15:39:00",NULL
"737","sensor2","0.00","0.85","112.92","2023-11-08 08:09:00",NULL
"738","sensor2","0.00","0.85","112.92","2023-11-08 08:39:00",NULL
"739","sensor2","0.00","0.85","112.92","2023-11-08 09:09:00",NULL
"740","sensor2","0.00","0.85","112.92","2023-11-08 09:39:00",NULL
"741","sensor2","0.00","0.85","112.92","2023-11-08 10:09:00",NULL
"742","sensor2","0.00","0.85","112.92","2023-11-08 10:39:00",NULL
"743","sensor2","0.00","0.85","112.92","2023-11-08 11:09:00",NULL
"744","sensor2","0.00","0.85","112.92","2023-11-08 11:39:00",NULL
"745","sensor2","0.00","0.85","112.92","2023-11-08 12:09:00",NULL
"746","sensor2","0.00","0.85","112.92","2023-11-08 12:39:00",NULL
"747","sensor2","0.00","0.85","112.92","2023-11-08 13:09:00",NULL
"748","sensor2","0.00","0.85","112.92","2023-11-08 13:39:00",NULL
"749","sensor2","0.00","0.85","112.92","2023-11-08 14:09:00",NULL
"750","sensor2","0.00","0.85","112.92","2023-11-08 14:39:00",NULL
"751","sensor2","0.00","0.85","112.92","2023-11-08 15:09:00",NULL
"752","sensor2","0.00","0.85","112.92","2023-11-08 15:39:00",NULL
"753","sensor2","87.00","0.85","112.92","2023-11-09 08:09:00",NULL
"754","sensor2","87.00","0.85","112.92","2023-11-09 08:39:00",NULL
"755","sensor2","86.00","0.85","112.92","2023-11-09 09:09:00",NULL
"756","sensor2","0.00","0.85","112.92","2023-11-09 09:39:00",NULL
"757","sensor2","0.00","0.85","112.92","2023-11-09 10:09:00",NULL
"758","sensor2","0.00","0.85","112.92","2023-11-09 10:39:00",NULL
"759","sensor2","0.00","0.85","112.92","2023-11-09 11:09:00",NULL
"760","sensor2","0.00","0.85","112.92","2023-11-09 11:39:00",NULL
"761","sensor2","0.00","0.85","112.92","2023-11-09 12:09:00",NULL
"762","sensor2","0.00","0.85","112.92","2023-11-09 12:39:00",NULL
"763","sensor2","0.00","0.85","112.92","2023-11-09 13:09:00",NULL
"764","sensor2","0.00","0.85","112.92","2023-11-09 13:39:00",NULL
"765","sensor2","0.00","0.85","112.92","2023-11-09 14:09:00",NULL
"766","sensor2","0.00","0.85","112.92","2023-11-09 14:39:00",NULL
"767","sensor2","0.00","0.85","112.92","2023-11-09 15:09:00",NULL
"768","sensor2","0.00","0.85","112.92","2023-11-09 15:39:00",NULL
"769","sensor3","0.00","0.82","113.04","2023-10-17 08:12:00",NULL
"770","sensor3","0.00","0.82","113.04","2023-10-17 08:42:00",NULL
"771","sensor3","0.00","0.82","113.04","2023-10-17 09:12:00",NULL
"772","sensor3","0.00","0.82","113.04","2023-10-17 09:42:00",NULL
"773","sensor3","0.00","0.82","113.04","2023-10-17 10:12:00",NULL
"774","sensor3","0.00","0.82","113.04","2023-10-17 10:42:00",NULL
"775","sensor3","0.00","0.82","113.04","2023-10-17 11:12:00",NULL
"776","sensor3","70.00","0.82","113.04","2023-10-17 11:42:00",NULL
"777","sensor3","70.00","0.82","113.04","2023-10-17 12:12:00",NULL
"778","sensor3","70.00","0.82","113.04","2023-10-17 12:42:00",NULL
"779","sensor3","0.00","0.82","113.04","2023-10-17 13:12:00",NULL
"780","sensor3","0.00","0.82","113.04","2023-10-17 13:42:00",NULL
"781","sensor3","0.00","0.82","113.04","2023-10-17 14:12:00",NULL
"782","sensor3","0.00","0.82","113.04","2023-10-17 14:42:00",NULL
"783","sensor3","0.00","0.82","113.04","2023-10-17 15:12:00",NULL
"784","sensor3","0.00","0.82","113.04","2023-10-17 15:42:00",NULL
"785","sensor3","0.00","0.81","113.05","2023-10-18 08:12:00",NULL
"786","sensor3","0.00","0.82","113.05","2023-10-18 08:42:00",NULL
"787","sensor3","0.00","0.82","113.05","2023-10-18 09:12:00",NULL
"788","sensor3","0.00","0.82","113.05","2023-10-18 09:42:00",NULL
"789","sensor3","0.00","0.82","113.05","2023-10-18 10:12:00",NULL
"790","sensor3","0.00","0.82","113.05","2023-10-18 10:42:00",NULL
"791","sensor3","0.00","0.82","113.05","2023-10-18 11:12:00",NULL
"792","sensor3","0.00","0.82","113.05","2023-10-18 11:42:00",NULL
"793","sensor3","35.00","0.82","113.05","2023-10-18 12:12:00",NULL
"794","sensor3","35.00","0.82","113.05","2023-10-18 12:42:00",NULL
"795","sensor3","35.00","0.82","113.05","2023-10-18 13:12:00",NULL
"796","sensor3","0.00","0.82","113.05","2023-10-18 13:42:00",NULL
"797","sensor3","0.00","0.82","113.05","2023-10-18 14:12:00",NULL
"798","sensor3","0.00","0.82","113.05","2023-10-18 14:42:00",NULL
"799","sensor3","0.00","0.82","113.05","2023-10-18 15:12:00",NULL
"800","sensor3","0.00","0.82","113.05","2023-10-18 15:42:00",NULL
"801","sensor3","0.00","0.82","113.05","2023-10-19 08:12:00",NULL
"802","sensor3","0.00","0.82","113.05","2023-10-19 08:42:00",NULL
"803","sensor3","0.00","0.82","113.05","2023-10-19 09:12:00",NULL
"804","sensor3","0.00","0.82","113.05","2023-10-19 09:42:00",NULL
"805","sensor3","0.00","0.82","113.05","2023-10-19 10:12:00",NULL
"806","sensor3","60.00","0.82","113.05","2023-10-19 10:42:00",NULL
"807","sensor3","60.00","0.82","113.05","2023-10-19 11:12:00",NULL
"808","sensor3","60.00","0.82","113.05","2023-10-19 11:42:00",NULL
"809","sensor3","0.00","0.82","113.05","2023-10-19 12:12:00",NULL
"810","sensor3","0.00","0.82","113.05","2023-10-19 12:42:00",NULL
"811","sensor3","0.00","0.82","113.05","2023-10-19 13:12:00",NULL
"812","sensor3","0.00","0.82","113.05","2023-10-19 13:42:00",NULL
"813","sensor3","0.00","0.82","113.05","2023-10-19 14:12:00",NULL
"814","sensor3","0.00","0.82","113.05","2023-10-19 14:42:00",NULL
"815","sensor3","0.00","0.82","113.05","2023-10-19 15:12:00",NULL
"816","sensor3","0.00","0.82","113.05","2023-10-19 15:42:00",NULL
"817","sensor3","0.00","0.82","113.06","2023-10-20 08:12:00",NULL
"818","sensor3","0.00","0.82","113.06","2023-10-20 08:42:00",NULL
"819","sensor3","0.00","0.82","113.06","2023-10-20 09:12:00",NULL
"820","sensor3","55.00","0.82","113.06","2023-10-20 09:42:00",NULL
"821","sensor3","56.00","0.82","113.06","2023-10-20 10:12:00",NULL
"822","sensor3","57.00","0.82","113.06","2023-10-20 10:42:00",NULL
"823","sensor3","55.00","0.82","113.06","2023-10-20 11:12:00",NULL
"824","sensor3","0.00","0.82","113.06","2023-10-20 11:42:00",NULL
"825","sensor3","0.00","0.82","113.06","2023-10-20 12:12:00",NULL
"826","sensor3","0.00","0.82","113.06","2023-10-20 12:42:00",NULL
"827","sensor3","0.00","0.82","113.06","2023-10-20 13:12:00",NULL
"828","sensor3","0.00","0.82","113.06","2023-10-20 13:42:00",NULL
"829","sensor3","0.00","0.82","113.06","2023-10-20 14:12:00",NULL
"830","sensor3","0.00","0.82","113.06","2023-10-20 14:42:00",NULL
"831","sensor3","0.00","0.82","113.06","2023-10-20 15:12:00",NULL
"832","sensor3","0.00","0.82","113.06","2023-10-20 15:42:00",NULL
"833","sensor3","0.00","0.80","113.03","2023-10-21 08:12:00",NULL
"834","sensor3","0.00","0.80","113.03","2023-10-21 08:42:00",NULL
"835","sensor3","0.00","0.80","113.03","2023-10-21 09:12:00",NULL
"836","sensor3","0.00","0.80","113.03","2023-10-21 09:42:00",NULL
"837","sensor3","0.00","0.80","113.03","2023-10-21 10:12:00",NULL
"838","sensor3","0.00","0.80","113.03","2023-10-21 10:42:00",NULL
"839","sensor3","0.00","0.80","113.03","2023-10-21 11:12:00",NULL
"840","sensor3","65.00","0.80","113.03","2023-10-21 11:42:00",NULL
"841","sensor3","65.00","0.80","113.03","2023-10-21 12:12:00",NULL
"842","sensor3","65.00","0.80","113.03","2023-10-21 12:42:00",NULL
"843","sensor3","66.00","0.80","113.03","2023-10-21 13:12:00",NULL
"844","sensor3","0.00","0.80","113.03","2023-10-21 13:42:00",NULL
"845","sensor3","0.00","0.80","113.03","2023-10-21 14:12:00",NULL
"846","sensor3","0.00","0.80","113.03","2023-10-21 14:42:00",NULL
"847","sensor3","0.00","0.80","113.03","2023-10-21 15:12:00",NULL
"848","sensor3","0.00","0.80","113.03","2023-10-21 15:42:00",NULL
"849","sensor3","0.00","0.79","113.03","2023-10-22 08:12:00",NULL
"850","sensor3","70.00","0.79","113.03","2023-10-22 08:42:00",NULL
"851","sensor3","74.00","0.79","113.03","2023-10-22 09:12:00",NULL
"852","sensor3","73.00","0.79","113.03","2023-10-22 09:42:00",NULL
"853","sensor3","0.00","0.79","113.03","2023-10-22 10:12:00",NULL
"854","sensor3","0.00","0.79","113.03","2023-10-22 10:42:00",NULL
"855","sensor3","0.00","0.79","113.03","2023-10-22 11:12:00",NULL
"856","sensor3","0.00","0.79","113.03","2023-10-22 11:42:00",NULL
"857","sensor3","0.00","0.79","113.03","2023-10-22 12:12:00",NULL
"858","sensor3","0.00","0.79","113.03","2023-10-22 12:42:00",NULL
"859","sensor3","0.00","0.79","113.03","2023-10-22 13:12:00",NULL
"860","sensor3","0.00","0.79","113.03","2023-10-22 13:42:00",NULL
"861","sensor3","0.00","0.79","113.03","2023-10-22 14:12:00",NULL
"862","sensor3","0.00","0.79","113.03","2023-10-22 14:42:00",NULL
"863","sensor3","0.00","0.79","113.03","2023-10-22 15:12:00",NULL
"864","sensor3","0.00","0.79","113.03","2023-10-22 15:42:00",NULL
"865","sensor3","0.00","0.79","113.04","2023-10-23 08:12:00",NULL
"866","sensor3","0.00","0.79","113.04","2023-10-23 08:42:00",NULL
"867","sensor3","60.00","0.79","113.04","2023-10-23 09:12:00",NULL
"868","sensor3","65.00","0.79","113.04","2023-10-23 09:42:00",NULL
"869","sensor3","64.00","0.79","113.04","2023-10-23 10:12:00",NULL
"870","sensor3","0.00","0.79","113.04","2023-10-23 10:42:00",NULL
"871","sensor3","0.00","0.79","113.04","2023-10-23 11:12:00",NULL
"872","sensor3","0.00","0.79","113.04","2023-10-23 11:42:00",NULL
"873","sensor3","0.00","0.79","113.04","2023-10-23 12:12:00",NULL
"874","sensor3","0.00","0.79","113.04","2023-10-23 12:42:00",NULL
"875","sensor3","0.00","0.79","113.04","2023-10-23 13:12:00",NULL
"876","sensor3","0.00","0.79","113.04","2023-10-23 13:42:00",NULL
"877","sensor3","0.00","0.79","113.04","2023-10-23 14:12:00",NULL
"878","sensor3","0.00","0.79","113.04","2023-10-23 14:42:00",NULL
"879","sensor3","0.00","0.79","113.04","2023-10-23 15:12:00",NULL
"880","sensor3","0.00","0.79","113.04","2023-10-23 15:42:00",NULL
"881","sensor3","0.00","0.80","113.04","2023-10-24 08:12:00",NULL
"882","sensor3","0.00","0.80","113.04","2023-10-24 08:42:00",NULL
"883","sensor3","0.00","0.80","113.04","2023-10-24 09:12:00",NULL
"884","sensor3","0.00","0.80","113.04","2023-10-24 09:42:00",NULL
"885","sensor3","0.00","0.80","113.04","2023-10-24 10:12:00",NULL
"886","sensor3","0.00","0.80","113.04","2023-10-24 10:42:00",NULL
"887","sensor3","0.00","0.80","113.04","2023-10-24 11:12:00",NULL
"888","sensor3","0.00","0.80","113.04","2023-10-24 11:42:00",NULL
"889","sensor3","70.00","0.80","113.04","2023-10-24 12:12:00",NULL
"890","sensor3","72.00","0.80","113.04","2023-10-24 12:42:00",NULL
"891","sensor3","73.00","0.80","113.04","2023-10-24 13:12:00",NULL
"892","sensor3","0.00","0.80","113.04","2023-10-24 13:42:00",NULL
"893","sensor3","0.00","0.80","113.04","2023-10-24 14:12:00",NULL
"894","sensor3","0.00","0.80","113.04","2023-10-24 14:42:00",NULL
"895","sensor3","0.00","0.80","113.04","2023-10-24 15:12:00",NULL
"896","sensor3","0.00","0.80","113.04","2023-10-24 15:42:00",NULL
"897","sensor3","0.00","0.79","113.04","2023-10-25 08:12:00",NULL
"898","sensor3","0.00","0.79","113.04","2023-10-25 08:42:00",NULL
"899","sensor3","0.00","0.79","113.04","2023-10-25 09:12:00",NULL
"900","sensor3","0.00","0.79","113.04","2023-10-25 09:42:00",NULL
"901","sensor3","0.00","0.79","113.04","2023-10-25 10:12:00",NULL
"902","sensor3","0.00","0.79","113.04","2023-10-25 10:42:00",NULL
"903","sensor3","0.00","0.79","113.04","2023-10-25 11:12:00",NULL
"904","sensor3","0.00","0.79","113.04","2023-10-25 11:42:00",NULL
"905","sensor3","0.00","0.79","113.04","2023-10-25 12:12:00",NULL
"906","sensor3","60.00","0.79","113.04","2023-10-25 12:42:00",NULL
"907","sensor3","65.00","0.79","113.04","2023-10-25 13:12:00",NULL
"908","sensor3","64.00","0.79","113.04","2023-10-25 13:42:00",NULL
"909","sensor3","0.00","0.79","113.04","2023-10-25 14:12:00",NULL
"910","sensor3","0.00","0.79","113.04","2023-10-25 14:42:00",NULL
"911","sensor3","0.00","0.79","113.04","2023-10-25 15:12:00",NULL
"912","sensor3","0.00","0.79","113.04","2023-10-25 15:42:00",NULL
"913","sensor3","0.00","0.80","113.03","2023-10-26 08:12:00",NULL
"914","sensor3","0.00","0.80","113.03","2023-10-26 08:42:00",NULL
"915","sensor3","0.00","0.80","113.03","2023-10-26 09:12:00",NULL
"916","sensor3","0.00","0.80","113.03","2023-10-26 09:42:00",NULL
"917","sensor3","0.00","0.80","113.03","2023-10-26 10:12:00",NULL
"918","sensor3","0.00","0.80","113.03","2023-10-26 10:42:00",NULL
"919","sensor3","0.00","0.80","113.03","2023-10-26 11:12:00",NULL
"920","sensor3","0.00","0.80","113.03","2023-10-26 11:42:00",NULL
"921","sensor3","0.00","0.80","113.03","2023-10-26 12:12:00",NULL
"922","sensor3","67.00","0.80","113.03","2023-10-26 12:42:00",NULL
"923","sensor3","68.00","0.80","113.03","2023-10-26 13:12:00",NULL
"924","sensor3","67.00","0.80","113.03","2023-10-26 13:42:00",NULL
"925","sensor3","0.00","0.80","113.03","2023-10-26 14:12:00",NULL
"926","sensor3","0.00","0.80","113.03","2023-10-26 14:42:00",NULL
"927","sensor3","0.00","0.80","113.03","2023-10-26 15:12:00",NULL
"928","sensor3","0.00","0.80","113.03","2023-10-26 15:42:00",NULL
"929","sensor3","0.00","0.79","113.04","2023-10-27 08:12:00",NULL
"930","sensor3","0.00","0.79","113.04","2023-10-27 08:42:00",NULL
"931","sensor3","0.00","0.79","113.04","2023-10-27 09:12:00",NULL
"932","sensor3","0.00","0.79","113.04","2023-10-27 09:42:00",NULL
"933","sensor3","0.00","0.79","113.04","2023-10-27 10:12:00",NULL
"934","sensor3","0.00","0.79","113.04","2023-10-27 10:42:00",NULL
"935","sensor3","0.00","0.79","113.04","2023-10-27 11:12:00",NULL
"936","sensor3","0.00","0.79","113.04","2023-10-27 11:42:00",NULL
"937","sensor3","0.00","0.79","113.04","2023-10-27 12:12:00",NULL
"938","sensor3","0.00","0.79","113.04","2023-10-27 12:42:00",NULL
"939","sensor3","0.00","0.79","113.04","2023-10-27 13:12:00",NULL
"940","sensor3","77.00","0.79","113.04","2023-10-27 13:42:00",NULL
"941","sensor3","77.00","0.79","113.04","2023-10-27 14:12:00",NULL
"942","sensor3","77.00","0.79","113.04","2023-10-27 14:42:00",NULL
"943","sensor3","0.00","0.79","113.04","2023-10-27 15:12:00",NULL
"944","sensor3","0.00","0.79","113.04","2023-10-27 15:42:00",NULL
"945","sensor3","0.00","0.83","113.04","2023-10-28 08:12:00",NULL
"946","sensor3","0.00","0.83","113.04","2023-10-28 08:42:00",NULL
"947","sensor3","0.00","0.83","113.04","2023-10-28 09:12:00",NULL
"948","sensor3","0.00","0.83","113.04","2023-10-28 09:42:00",NULL
"949","sensor3","0.00","0.83","113.04","2023-10-28 10:12:00",NULL
"950","sensor3","0.00","0.83","113.04","2023-10-28 10:42:00",NULL
"951","sensor3","0.00","0.83","113.04","2023-10-28 11:12:00",NULL
"952","sensor3","0.00","0.83","113.04","2023-10-28 11:42:00",NULL
"953","sensor3","0.00","0.83","113.04","2023-10-28 12:12:00",NULL
"954","sensor3","0.00","0.83","113.04","2023-10-28 12:42:00",NULL
"955","sensor3","0.00","0.83","113.04","2023-10-28 13:12:00",NULL
"956","sensor3","0.00","0.83","113.04","2023-10-28 13:42:00",NULL
"957","sensor3","0.00","0.83","113.04","2023-10-28 14:12:00",NULL
"958","sensor3","0.00","0.83","113.04","2023-10-28 14:42:00",NULL
"959","sensor3","0.00","0.83","113.04","2023-10-28 15:12:00",NULL
"960","sensor3","0.00","0.83","113.04","2023-10-28 15:42:00",NULL
"961","sensor3","0.00","0.82","113.03","2023-10-29 08:12:00",NULL
"962","sensor3","0.00","0.82","113.03","2023-10-29 08:42:00",NULL
"963","sensor3","0.00","0.82","113.03","2023-10-29 09:12:00",NULL
"964","sensor3","0.00","0.82","113.03","2023-10-29 09:42:00",NULL
"965","sensor3","82.00","0.82","113.03","2023-10-29 10:12:00",NULL
"966","sensor3","82.00","0.82","113.03","2023-10-29 10:42:00",NULL
"967","sensor3","82.00","0.82","113.03","2023-10-29 11:12:00",NULL
"968","sensor3","82.00","0.82","113.03","2023-10-29 11:42:00",NULL
"969","sensor3","0.00","0.82","113.03","2023-10-29 12:12:00",NULL
"970","sensor3","0.00","0.82","113.03","2023-10-29 12:42:00",NULL
"971","sensor3","0.00","0.82","113.03","2023-10-29 13:12:00",NULL
"972","sensor3","0.00","0.82","113.03","2023-10-29 13:42:00",NULL
"973","sensor3","0.00","0.82","113.03","2023-10-29 14:12:00",NULL
"974","sensor3","0.00","0.82","113.03","2023-10-29 14:42:00",NULL
"975","sensor3","0.00","0.82","113.03","2023-10-29 15:12:00",NULL
"976","sensor3","0.00","0.82","113.03","2023-10-29 15:42:00",NULL
"977","sensor3","0.00","0.78","113.03","2023-10-30 08:12:00",NULL
"978","sensor3","0.00","0.78","113.03","2023-10-30 08:42:00",NULL
"979","sensor3","0.00","0.78","113.03","2023-10-30 09:12:00",NULL
"980","sensor3","0.00","0.78","113.03","2023-10-30 09:42:00",NULL
"981","sensor3","0.00","0.78","113.03","2023-10-30 10:12:00",NULL
"982","sensor3","0.00","0.78","113.03","2023-10-30 10:42:00",NULL
"983","sensor3","0.00","0.78","113.03","2023-10-30 11:12:00",NULL
"984","sensor3","0.00","0.78","113.03","2023-10-30 11:42:00",NULL
"985","sensor3","0.00","0.78","113.03","2023-10-30 12:12:00",NULL
"986","sensor3","0.00","0.78","113.03","2023-10-30 12:42:00",NULL
"987","sensor3","87.00","0.78","113.03","2023-10-30 13:12:00",NULL
"988","sensor3","88.00","0.78","113.03","2023-10-30 13:42:00",NULL
"989","sensor3","86.00","0.78","113.03","2023-10-30 14:12:00",NULL
"990","sensor3","0.00","0.78","113.03","2023-10-30 14:42:00",NULL
"991","sensor3","0.00","0.78","113.03","2023-10-30 15:12:00",NULL
"992","sensor3","0.00","0.78","113.03","2023-10-30 15:42:00",NULL
"993","sensor3","0.00","0.76","113.05","2023-10-31 08:12:00",NULL
"994","sensor3","0.00","0.76","113.05","2023-10-31 08:42:00",NULL
"995","sensor3","0.00","0.76","113.05","2023-10-31 09:12:00",NULL
"996","sensor3","0.00","0.76","113.05","2023-10-31 09:42:00",NULL
"997","sensor3","0.00","0.76","113.05","2023-10-31 10:12:00",NULL
"998","sensor3","0.00","0.76","113.05","2023-10-31 10:42:00",NULL
"999","sensor3","0.00","0.76","113.05","2023-10-31 11:12:00",NULL
"1000","sensor3","0.00","0.76","113.05","2023-10-31 11:42:00",NULL
"1001","sensor3","0.00","0.76","113.05","2023-10-31 12:12:00",NULL
"1002","sensor3","0.00","0.76","113.05","2023-10-31 12:42:00",NULL
"1003","sensor3","0.00","0.76","113.05","2023-10-31 13:12:00",NULL
"1004","sensor3","78.00","0.76","113.05","2023-10-31 13:42:00",NULL
"1005","sensor3","78.00","0.76","113.05","2023-10-31 14:12:00",NULL
"1006","sensor3","78.00","0.76","113.05","2023-10-31 14:42:00",NULL
"1007","sensor3","0.00","0.76","113.05","2023-10-31 15:12:00",NULL
"1008","sensor3","0.00","0.76","113.05","2023-10-31 15:42:00",NULL
"1009","sensor3","0.00","0.85","112.93","2023-11-01 08:12:00",NULL
"1010","sensor3","0.00","0.85","112.93","2023-11-01 08:42:00",NULL
"1011","sensor3","0.00","0.85","112.93","2023-11-01 09:12:00",NULL
"1012","sensor3","0.00","0.85","112.93","2023-11-01 09:42:00",NULL
"1013","sensor3","0.00","0.85","112.93","2023-11-01 10:12:00",NULL
"1014","sensor3","0.00","0.85","112.93","2023-11-01 10:42:00",NULL
"1015","sensor3","0.00","0.85","112.93","2023-11-01 11:12:00",NULL
"1016","sensor3","0.00","0.85","112.93","2023-11-01 11:42:00",NULL
"1017","sensor3","0.00","0.85","112.93","2023-11-01 12:12:00",NULL
"1018","sensor3","0.00","0.85","112.93","2023-11-01 12:42:00",NULL
"1019","sensor3","0.00","0.85","112.93","2023-11-01 13:12:00",NULL
"1020","sensor3","0.00","0.85","112.93","2023-11-01 13:42:00",NULL
"1021","sensor3","0.00","0.85","112.93","2023-11-01 14:12:00",NULL
"1022","sensor3","0.00","0.85","112.93","2023-11-01 14:42:00",NULL
"1023","sensor3","0.00","0.85","112.93","2023-11-01 15:12:00",NULL
"1024","sensor3","78.00","0.85","112.93","2023-11-01 15:42:00",NULL
"1025","sensor3","77.00","0.85","112.92","2023-11-02 08:12:00",NULL
"1026","sensor3","78.00","0.85","112.92","2023-11-02 08:42:00",NULL
"1027","sensor3","0.00","0.85","112.92","2023-11-02 09:12:00",NULL
"1028","sensor3","0.00","0.85","112.92","2023-11-02 09:42:00",NULL
"1029","sensor3","0.00","0.85","112.92","2023-11-02 10:12:00",NULL
"1030","sensor3","0.00","0.85","112.92","2023-11-02 10:42:00",NULL
"1031","sensor3","0.00","0.85","112.92","2023-11-02 11:12:00",NULL
"1032","sensor3","0.00","0.85","112.92","2023-11-02 11:42:00",NULL
"1033","sensor3","0.00","0.85","112.92","2023-11-02 12:12:00",NULL
"1034","sensor3","0.00","0.85","112.92","2023-11-02 12:42:00",NULL
"1035","sensor3","0.00","0.85","112.92","2023-11-02 13:12:00",NULL
"1036","sensor3","0.00","0.85","112.92","2023-11-02 13:42:00",NULL
"1037","sensor3","0.00","0.85","112.92","2023-11-02 14:12:00",NULL
"1038","sensor3","0.00","0.85","112.92","2023-11-02 14:42:00",NULL
"1039","sensor3","0.00","0.85","112.92","2023-11-02 15:12:00",NULL
"1040","sensor3","0.00","0.85","112.92","2023-11-02 15:42:00",NULL
"1041","sensor3","0.00","0.84","112.92","2023-11-03 08:12:00",NULL
"1042","sensor3","0.00","0.84","112.92","2023-11-03 08:42:00",NULL
"1043","sensor3","0.00","0.84","112.92","2023-11-03 09:12:00",NULL
"1044","sensor3","0.00","0.84","112.92","2023-11-03 09:42:00",NULL
"1045","sensor3","0.00","0.84","112.92","2023-11-03 10:12:00",NULL
"1046","sensor3","65.00","0.84","112.92","2023-11-03 10:42:00",NULL
"1047","sensor3","66.00","0.84","112.92","2023-11-03 11:12:00",NULL
"1048","sensor3","66.00","0.84","112.92","2023-11-03 11:42:00",NULL
"1049","sensor3","0.00","0.84","112.92","2023-11-03 12:12:00",NULL
"1050","sensor3","0.00","0.84","112.92","2023-11-03 12:42:00",NULL
"1051","sensor3","0.00","0.84","112.92","2023-11-03 13:12:00",NULL
"1052","sensor3","0.00","0.84","112.92","2023-11-03 13:42:00",NULL
"1053","sensor3","0.00","0.84","112.92","2023-11-03 14:12:00",NULL
"1054","sensor3","0.00","0.84","112.92","2023-11-03 14:42:00",NULL
"1055","sensor3","67.00","0.84","112.92","2023-11-03 15:12:00",NULL
"1056","sensor3","67.00","0.84","112.92","2023-11-03 15:42:00",NULL
"1057","sensor3","0.00","0.85","112.92","2023-11-04 08:12:00",NULL
"1058","sensor3","0.00","0.85","112.92","2023-11-04 08:42:00",NULL
"1059","sensor3","0.00","0.85","112.92","2023-11-04 09:12:00",NULL
"1060","sensor3","0.00","0.85","112.92","2023-11-04 09:42:00",NULL
"1061","sensor3","0.00","0.85","112.92","2023-11-04 10:12:00",NULL
"1062","sensor3","0.00","0.85","112.92","2023-11-04 10:42:00",NULL
"1063","sensor3","0.00","0.85","112.92","2023-11-04 11:12:00",NULL
"1064","sensor3","0.00","0.85","112.92","2023-11-04 11:42:00",NULL
"1065","sensor3","0.00","0.85","112.92","2023-11-04 12:12:00",NULL
"1066","sensor3","0.00","0.85","112.92","2023-11-04 12:42:00",NULL
"1067","sensor3","45.00","0.85","112.92","2023-11-04 13:12:00",NULL
"1068","sensor3","44.00","0.85","112.92","2023-11-04 13:42:00",NULL
"1069","sensor3","44.00","0.85","112.92","2023-11-04 14:12:00",NULL
"1070","sensor3","0.00","0.85","112.92","2023-11-04 14:42:00",NULL
"1071","sensor3","0.00","0.85","112.92","2023-11-04 15:12:00",NULL
"1072","sensor3","0.00","0.85","112.92","2023-11-04 15:42:00",NULL
"1073","sensor3","0.00","0.85","112.93","2023-11-05 08:12:00",NULL
"1074","sensor3","0.00","0.85","112.93","2023-11-05 08:42:00",NULL
"1075","sensor3","0.00","0.85","112.93","2023-11-05 09:12:00",NULL
"1076","sensor3","0.00","0.85","112.93","2023-11-05 09:42:00",NULL
"1077","sensor3","0.00","0.85","112.93","2023-11-05 10:12:00",NULL
"1078","sensor3","0.00","0.85","112.93","2023-11-05 10:42:00",NULL
"1079","sensor3","0.00","0.85","112.93","2023-11-05 11:12:00",NULL
"1080","sensor3","56.00","0.85","112.93","2023-11-05 11:42:00",NULL
"1081","sensor3","56.00","0.85","112.93","2023-11-05 12:12:00",NULL
"1082","sensor3","55.00","0.85","112.93","2023-11-05 12:42:00",NULL
"1083","sensor3","55.00","0.85","112.93","2023-11-05 13:12:00",NULL
"1084","sensor3","0.00","0.85","112.93","2023-11-05 13:42:00",NULL
"1085","sensor3","0.00","0.85","112.93","2023-11-05 14:12:00",NULL
"1086","sensor3","0.00","0.85","112.93","2023-11-05 14:42:00",NULL
"1087","sensor3","0.00","0.85","112.93","2023-11-05 15:12:00",NULL
"1088","sensor3","55.00","0.85","112.93","2023-11-05 15:42:00",NULL
"1089","sensor3","0.00","0.85","112.92","2023-11-06 08:12:00",NULL
"1090","sensor3","0.00","0.85","112.92","2023-11-06 08:42:00",NULL
"1091","sensor3","0.00","0.85","112.92","2023-11-06 09:12:00",NULL
"1092","sensor3","0.00","0.85","112.92","2023-11-06 09:42:00",NULL
"1093","sensor3","0.00","0.85","112.92","2023-11-06 10:12:00",NULL
"1094","sensor3","0.00","0.85","112.92","2023-11-06 10:42:00",NULL
"1095","sensor3","0.00","0.85","112.92","2023-11-06 11:12:00",NULL
"1096","sensor3","0.00","0.85","112.92","2023-11-06 11:42:00",NULL
"1097","sensor3","0.00","0.85","112.92","2023-11-06 12:12:00",NULL
"1098","sensor3","0.00","0.85","112.92","2023-11-06 12:42:00",NULL
"1099","sensor3","67.00","0.85","112.92","2023-11-06 13:12:00",NULL
"1100","sensor3","67.00","0.85","112.92","2023-11-06 13:42:00",NULL
"1101","sensor3","67.00","0.85","112.92","2023-11-06 14:12:00",NULL
"1102","sensor3","0.00","0.85","112.92","2023-11-06 14:42:00",NULL
"1103","sensor3","0.00","0.85","112.92","2023-11-06 15:12:00",NULL
"1104","sensor3","0.00","0.85","112.92","2023-11-06 15:42:00",NULL
"1105","sensor3","0.00","0.85","112.92","2023-11-07 08:12:00",NULL
"1106","sensor3","0.00","0.85","112.92","2023-11-07 08:42:00",NULL
"1107","sensor3","0.00","0.85","112.92","2023-11-07 09:12:00",NULL
"1108","sensor3","0.00","0.85","112.92","2023-11-07 09:42:00",NULL
"1109","sensor3","0.00","0.85","112.92","2023-11-07 10:12:00",NULL
"1110","sensor3","0.00","0.85","112.92","2023-11-07 10:42:00",NULL
"1111","sensor3","0.00","0.85","112.92","2023-11-07 11:12:00",NULL
"1112","sensor3","0.00","0.85","112.92","2023-11-07 11:42:00",NULL
"1113","sensor3","0.00","0.85","112.92","2023-11-07 12:12:00",NULL
"1114","sensor3","0.00","0.85","112.92","2023-11-07 12:42:00",NULL
"1115","sensor3","0.00","0.85","112.92","2023-11-07 13:12:00",NULL
"1116","sensor3","77.00","0.85","112.92","2023-11-07 13:42:00",NULL
"1117","sensor3","76.00","0.85","112.92","2023-11-07 14:12:00",NULL
"1118","sensor3","75.00","0.85","112.92","2023-11-07 14:42:00",NULL
"1119","sensor3","75.00","0.85","112.92","2023-11-07 15:12:00",NULL
"1120","sensor3","77.00","0.85","112.92","2023-11-07 15:42:00",NULL
"1121","sensor3","0.00","0.85","112.92","2023-11-08 08:12:00",NULL
"1122","sensor3","0.00","0.85","112.92","2023-11-08 08:42:00",NULL
"1123","sensor3","0.00","0.85","112.92","2023-11-08 09:12:00",NULL
"1124","sensor3","0.00","0.85","112.92","2023-11-08 09:42:00",NULL
"1125","sensor3","0.00","0.85","112.92","2023-11-08 10:12:00",NULL
"1126","sensor3","0.00","0.85","112.92","2023-11-08 10:42:00",NULL
"1127","sensor3","0.00","0.85","112.92","2023-11-08 11:12:00",NULL
"1128","sensor3","0.00","0.85","112.92","2023-11-08 11:42:00",NULL
"1129","sensor3","0.00","0.85","112.92","2023-11-08 12:12:00",NULL
"1130","sensor3","0.00","0.85","112.92","2023-11-08 12:42:00",NULL
"1131","sensor3","0.00","0.85","112.92","2023-11-08 13:12:00",NULL
"1132","sensor3","0.00","0.85","112.92","2023-11-08 13:42:00",NULL
"1133","sensor3","0.00","0.85","112.92","2023-11-08 14:12:00",NULL
"1134","sensor3","77.00","0.85","112.92","2023-11-08 14:42:00",NULL
"1135","sensor3","78.00","0.85","112.92","2023-11-08 15:12:00",NULL
"1136","sensor3","79.00","0.85","112.92","2023-11-08 15:42:00",NULL
"1137","sensor3","0.00","0.86","112.92","2023-11-09 08:12:00",NULL
"1138","sensor3","0.00","0.86","112.92","2023-11-09 08:42:00",NULL
"1139","sensor3","0.00","0.86","112.92","2023-11-09 09:12:00",NULL
"1140","sensor3","80.00","0.86","112.92","2023-11-09 09:42:00",NULL
"1141","sensor3","80.00","0.86","112.92","2023-11-09 10:12:00",NULL
"1142","sensor3","82.00","0.86","112.92","2023-11-09 10:42:00",NULL
"1143","sensor3","81.00","0.86","112.92","2023-11-09 11:12:00",NULL
"1144","sensor3","0.00","0.86","112.92","2023-11-09 11:42:00",NULL
"1145","sensor3","0.00","0.86","112.92","2023-11-09 12:12:00",NULL
"1146","sensor3","0.00","0.86","112.92","2023-11-09 12:42:00",NULL
"1147","sensor3","0.00","0.86","112.92","2023-11-09 13:12:00",NULL
"1148","sensor3","0.00","0.86","112.92","2023-11-09 13:42:00",NULL
"1149","sensor3","0.00","0.86","112.92","2023-11-09 14:12:00",NULL
"1150","sensor3","0.00","0.86","112.92","2023-11-09 14:42:00",NULL
"1151","sensor3","0.00","0.86","112.92","2023-11-09 15:12:00",NULL
"1152","sensor3","0.00","0.86","112.92","2023-11-09 15:42:00",NULL
